Google Scholar search results through Publish or Perish,,,,,,,,,,,,,,,,,,,,,,
PoP search terms – all of the words: “biological records” “United Kingdom”; none of the words: book “new report” “new species” “new record’,,,,,,,,,,,,,,,,,,,,,,
12 June 2018,,,,,,,,,,,,,,,,,,,,,,
,,,,,,,,,,,,,,,,,,,,,,
Cites,Authors,Title,Year,Source,Publisher,ArticleURL,CitesURL,GSRank,QueryDate,Type,DOI,ISSN,CitationURL,Volume,Issue,StartPage,EndPage,ECC,CitesPerYear,CitesPerAuthor,AuthorCount,Age
59,"MJO Pocock, HE Roy, CD Preston…",The Biological Records Centre: a pioneer of citizen science,2015,Biological Journal of the …,academic.oup.com,https://academic.oup.com/biolinnean/article-abstract/115/3/475/2440508,"https://scholar.google.com/scholar?cites=16160593164797254402&as_sdt=2005&sciodt=0,5&hl=en&num=20",1,2018-06-12,,,,,,,,,59,19.67,15,4,3
68,"NJB Isaac, MJO Pocock",Bias and information in biological records,2015,Biological Journal of the Linnean …,academic.oup.com,https://academic.oup.com/biolinnean/article-abstract/115/3/522/2440472,"https://scholar.google.com/scholar?cites=8585638861058543690&as_sdt=2005&sciodt=0,5&hl=en&num=20",2,2018-06-12,,,,,,,,,68,22.67,34,2,3
17,"BV Purse, N Golding",Tracking the distribution and impacts of diseases with biological records and distribution modelling,2015,Biological Journal of the Linnean Society,academic.oup.com,https://academic.oup.com/biolinnean/article-abstract/115/3/664/2440518,"https://scholar.google.com/scholar?cites=8446657722570817985&as_sdt=2005&sciodt=0,5&hl=en&num=20",3,2018-06-12,,,,,,,,,17,5.67,9,2,3
25,"J Pagel, BJ Anderson, RB O'Hara…",Quantifying range‐wide variation in population trends from local abundance surveys and widespread opportunistic occurrence records,2014,Methods in Ecology …,Wiley Online Library,http://onlinelibrary.wiley.com/doi/10.1111/2041-210X.12221/full,"https://scholar.google.com/scholar?cites=1809620399062100630&as_sdt=2005&sciodt=0,5&hl=en&num=20",4,2018-06-12,HTML,,,,,,,,25,6.25,6,4,4
22,"T Amano, JDL Lamming, WJ Sutherland",Spatial gaps in global biodiversity information and the role of citizen science,2016,Bioscience,academic.oup.com,https://academic.oup.com/bioscience/article-abstract/66/5/393/2468614,"https://scholar.google.com/scholar?cites=8069779197138054342&as_sdt=2005&sciodt=0,5&hl=en&num=20",5,2018-06-12,,,,,,,,,22,11,7,3,2
62,"CI Fraser, A Terauds, J Smellie…",Geothermal activity helps life survive glacial cycles,2014,Proceedings of the …,National Acad Sciences,http://www.pnas.org/content/111/15/5634.short,"https://scholar.google.com/scholar?cites=8991081106624646172&as_sdt=2005&sciodt=0,5&hl=en&num=20",6,2018-06-12,,,,,,,,,62,15.5,16,4,4
5,"KJ Walker, OL Pescott, F Harris, C Cheffings…",Making plants count,2015,British …,researchgate.net,https://www.researchgate.net/profile/Oliver_Pescott/publication/282179925_Making_plants_count/links/57f4bafc08ae91deaa5c1b01/Making-plants-count.pdf,"https://scholar.google.com/scholar?cites=691959101566694728&as_sdt=2005&sciodt=0,5&hl=en&num=20",7,2018-06-12,PDF,,,,,,,,5,1.67,1,5,3
9,"JW Arntzen, JW Wilkinson, R Butôt…","A new vertebrate species native to the British Isles: Bufo spinosus Daudin, 1803 in Jersey",2014,The Herpetological …,ingentaconnect.com,http://www.ingentaconnect.com/contentone/bhs/thj/2014/00000024/00000004/art00002,"https://scholar.google.com/scholar?cites=10400665227109880825&as_sdt=2005&sciodt=0,5&hl=en&num=20",8,2018-06-12,,,,,,,,,9,2.25,2,4,4
11,"H Flores-Moreno, ES García-Treviño, AD Letten…",In the beginning: phenotypic change in three invasive species through their first two centuries since introduction,2015,Biological …,Springer,https://link.springer.com/article/10.1007/s10530-014-0789-8,"https://scholar.google.com/scholar?cites=15058627918827513514&as_sdt=2005&sciodt=0,5&hl=en&num=20",9,2018-06-12,HTML,,,,,,,,11,3.67,3,4,3
2,"QJ Groom, JL Durkin, J O'Reilly, A Mclay…","A benchmark survey of the common plants of South Northumberland and Durham, United Kingdom",2015,Biodiversity data …,ncbi.nlm.nih.gov,https://www.ncbi.nlm.nih.gov/pmc/articles/PMC4699291/,"https://scholar.google.com/scholar?cites=2134623473460707792&as_sdt=2005&sciodt=0,5&hl=en&num=20",10,2018-06-12,HTML,,,,,,,,2,0.67,0,5,3
7,"BC Beckmann, BV Purse, DB Roy, HE Roy, PG Sutton…",Two species with an unusual combination of traits dominate responses of British grasshoppers and crickets to environmental change,2015,PloS one,journals.plos.org,http://journals.plos.org/plosone/article?id=10.1371/journal.pone.0130488,"https://scholar.google.com/scholar?cites=13156324270638566340&as_sdt=2005&sciodt=0,5&hl=en&num=20",11,2018-06-12,HTML,,,,,,,,7,2.33,1,6,3
8,"JM Medlock, KM Hansford, AGC Vaux…",Distribution of the tick Dermacentor reticulatus in the United Kingdom,2017,Medical and …,Wiley Online Library,http://onlinelibrary.wiley.com/doi/10.1111/mve.12235/full,"https://scholar.google.com/scholar?cites=5771551809818451772&as_sdt=2005&sciodt=0,5&hl=en&num=20",12,2018-06-12,,,,,,,,,8,8,2,4,1
114,"JM Medlock, SA Leach",Effect of climate change on vector-borne disease risk in the UK,2015,The Lancet Infectious Diseases,Elsevier,https://www.sciencedirect.com/science/article/pii/S1473309915700915,"https://scholar.google.com/scholar?cites=10563587133353769921&as_sdt=2005&sciodt=0,5&hl=en&num=20",13,2018-06-12,HTML,,,,,,,,114,38,57,2,3
10,J Warren,Is wind-mediated passive leaf movement an effective form of herbivore defence?,2015,Plant Ecology and Evolution,ingentaconnect.com,http://www.ingentaconnect.com/content/botbel/plecevo/2015/00000148/00000001/art00006,"https://scholar.google.com/scholar?cites=2113760999311629702&as_sdt=2005&sciodt=0,5&hl=en&num=20",14,2018-06-12,,,,,,,,,10,3.33,10,1,3
12,"MJO Pocock, JC Tweddle, J Savage, LD Robinson…",The diversity and evolution of ecological and environmental citizen science,2017,PloS one,journals.plos.org,http://journals.plos.org/plosone/article?id=10.1371/journal.pone.0172579,"https://scholar.google.com/scholar?cites=6496371216368449185&as_sdt=2005&sciodt=0,5&hl=en&num=20",15,2018-06-12,HTML,,,,,,,,12,12,2,5,1
10,"H Jacquemyn, R Brys, MJ Hutchings",Biological flora of the British Isles: Epipactis palustris,2014,Journal of Ecology,Wiley Online Library,http://onlinelibrary.wiley.com/doi/10.1111/1365-2745.12287/full,"https://scholar.google.com/scholar?cites=10756540058501969226&as_sdt=2005&sciodt=0,5&hl=en&num=20",16,2018-06-12,HTML,,,,,,,,10,2.5,3,3,4
7,"RW Battarbee, S Turner, H Yang, NL Rose…","Air pollutant contamination and acidification of surface waters in the North York Moors, UK: Multi-proxy evidence from the sediments of a moorland pool",2015,The …,journals.sagepub.com,http://journals.sagepub.com/doi/abs/10.1177/0959683614556380,"https://scholar.google.com/scholar?cites=16984468246574487192&as_sdt=2005&sciodt=0,5&hl=en&num=20",17,2018-06-12,,,,,,,,,7,2.33,1,5,3
6,"C Andrew, E Heegaard, PM Kirk, C Bässler…",Big data integration: Pan-European fungal species observations' assembly for addressing contemporary questions in ecology and global change biology,2017,Fungal Biology …,Elsevier,https://www.sciencedirect.com/science/article/pii/S1749461316300926,"https://scholar.google.com/scholar?cites=13969888867514531776&as_sdt=2005&sciodt=0,5&hl=en&num=20",18,2018-06-12,HTML,,,,,,,,6,6,1,5,1
41,"E Elkaim, B Neven, J Bruneau…",Clinical and immunologic phenotype associated with activated phosphoinositide 3-kinase δ syndrome 2: A cohort study,2016,Journal of Allergy and …,jacionline.org,https://www.jacionline.org/article/S0091-6749(16)30097-5/fulltext,"https://scholar.google.com/scholar?cites=12226153789559109328&as_sdt=2005&sciodt=0,5&hl=en&num=20",19,2018-06-12,HTML,,,,,,,,41,20.5,10,4,2
1,"PMJ Brown, HE Roy",Reflections on the long-term assessment of ladybird (Coleoptera: Coccinellidae) populations in the Czech Republic and the United Kingdom,2015,Acta Societatis Zoologicae Bohemicae,nora.nerc.ac.uk,http://nora.nerc.ac.uk/id/eprint/511646,"https://scholar.google.com/scholar?cites=8897741437741080185&as_sdt=2005&sciodt=0,5&hl=en&num=20",20,2018-06-12,,,,,,,,,1,0.33,1,2,3
5,"EB Dennis, BJT Morgan, TM Brereton…",Using citizen science butterfly counts to predict species population trends,2017,Conservation …,Wiley Online Library,http://onlinelibrary.wiley.com/doi/10.1111/cobi.12956/full,"https://scholar.google.com/scholar?cites=12966800341573728706&as_sdt=2005&sciodt=0,5&hl=en&num=20",21,2018-06-12,,,,,,,,,5,5,1,4,1
43,"T August, M Harvey, P Lightfoot…",Emerging technologies for biological recording,2015,Biological Journal of …,Wiley Online Library,http://onlinelibrary.wiley.com/doi/10.1111/bij.12534/full,"https://scholar.google.com/scholar?cites=11133125927262801843&as_sdt=2005&sciodt=0,5&hl=en&num=20",22,2018-06-12,,,,,,,,,43,14.33,11,4,3
3,"LA Jawad, K Hoedemakers, AL Ibáñez…","Morphology study of the otoliths of the parrotfish, Chlorurus sordidus (Forsskål, 1775) and Hipposcarus harid (Forsskål, 1775) from the Red Sea coast of Egypt …",2017,… of the United Kingdom,cambridge.org,https://www.cambridge.org/core/journals/journal-of-the-marine-biological-association-of-the-united-kingdom/article/morphology-study-of-the-otoliths-of-the-parrotfish-chlorurus-sordidus-forsskal-1775-and-hipposcarus-harid-forsskal-1775-from-the-red-sea-coast-of-egypt-family-scaridae/C73004FDA72A5F67CA19DAF5115E7E52,"https://scholar.google.com/scholar?cites=12831808819365581991&as_sdt=2005&sciodt=0,5&hl=en&num=20",23,2018-06-12,,,,,,,,,3,3,1,4,1
3,"S Rouse, ME Spencer Jones, JS Porter",Spatial and temporal patterns of bryozoan distribution and diversity in the Scottish sea regions,2014,Marine ecology,Wiley Online Library,http://onlinelibrary.wiley.com/doi/10.1111/maec.12088/full,"https://scholar.google.com/scholar?cites=2342918413921577360&as_sdt=2005&sciodt=0,5&hl=en&num=20",24,2018-06-12,,,,,,,,,3,0.75,1,3,4
3,"S Cook, JW Swann","Canine babesiosis: autochthonous today, endemic tomorrow?",2016,Veterinary Record,veterinaryrecord.bmj.com,http://veterinaryrecord.bmj.com/lookup/ijlink/YTozOntzOjQ6InBhdGgiO3M6MTQ6Ii9sb29rdXAvaWpsaW5rIjtzOjU6InF1ZXJ5IjthOjQ6e3M6ODoibGlua1R5cGUiO3M6NDoiRlVMTCI7czoxMToiam91cm5hbENvZGUiO3M6NjoidmV0cmVjIjtzOjU6InJlc2lkIjtzOjEwOiIxNzgvMTcvNDE3IjtzOjQ6ImF0b20iO3M6Mzk6Ii92ZXRyZWMvZWFybHkvMjAxNi8wOC8wMi92ci4xMDM5MDguYXRvbSI7fXM6ODoiZnJhZ21lbnQiO3M6MDoiIjt9,"https://scholar.google.com/scholar?cites=16618345429917364701&as_sdt=2005&sciodt=0,5&hl=en&num=20",25,2018-06-12,,,,,,,,,3,1.5,2,2,2
3,"L Davies, R Fradera, H Riesch…","Surveying the citizen science landscape: an exploration of the design, delivery and impact of citizen science through the lens of the Open Air Laboratories …",2016,BMC …,bmcecol.biomedcentral.com,https://bmcecol.biomedcentral.com/articles/10.1186/s12898-016-0066-z,"https://scholar.google.com/scholar?cites=9241170624022636008&as_sdt=2005&sciodt=0,5&hl=en&num=20",26,2018-06-12,HTML,,,,,,,,3,1.5,1,4,2
7,"JF Tweddle, L Gray, C Kelly, R Shucksmith",Developing regional locational guidance for wave and tidal energy in the Shetland Islands,2014,Marine Policy,Elsevier,https://www.sciencedirect.com/science/article/pii/S0308597X14001419,"https://scholar.google.com/scholar?cites=4912039450790854489&as_sdt=2005&sciodt=0,5&hl=en&num=20",27,2018-06-12,HTML,,,,,,,,7,1.75,2,4,4
27,"MJO Pocock, SE Newson, IG Henderson…",Developing and enhancing biodiversity monitoring programmes: a collaborative assessment of priorities,2015,Journal of Applied …,Wiley Online Library,http://onlinelibrary.wiley.com/doi/10.1111/1365-2664.12423/full,"https://scholar.google.com/scholar?cites=14504162019574489094&as_sdt=2005&sciodt=0,5&hl=en&num=20",28,2018-06-12,HTML,,,,,,,,27,9,7,4,3
2,"A Kosanic, K Anderson, S Harrison, T Turkington…",Changes in the geographical distribution of plant species and climatic variables on the West Cornwall peninsula (South West UK),2018,PloS one,journals.plos.org,http://journals.plos.org/plosone/article?id=10.1371/journal.pone.0191021,"https://scholar.google.com/scholar?cites=3662610993909839451&as_sdt=2005&sciodt=0,5&hl=en&num=20",29,2018-06-12,HTML,,,,,,,,2,2,0,5,1
1,"B Cull, ME Pietzsch, KM Hansford…","Surveillance of British ticks: An overview of species records, host associations, and new records of Ixodes ricinus distribution",2018,Ticks and tick-borne …,Elsevier,https://www.sciencedirect.com/science/article/pii/S1877959X17305137,"https://scholar.google.com/scholar?cites=11186783185871380102&as_sdt=2005&sciodt=0,5&hl=en&num=20",30,2018-06-12,HTML,,,,,,,,1,1,0,4,1
11,"A Sier, D Monteith",The UK Environmental Change Network after twenty years of integrated ecosystem assessment: Key findings and future perspectives,2016,Ecological indicators,Elsevier,https://www.sciencedirect.com/science/article/pii/S1470160X16300231,"https://scholar.google.com/scholar?cites=6074354358290132491&as_sdt=2005&sciodt=0,5&hl=en&num=20",31,2018-06-12,HTML,,,,,,,,11,5.5,6,2,2
1,"P Spradbery, L Dvorak",Invasive species compendium,2016,,xcsconsulting.com.au,http://www.xcsconsulting.com.au/pdf/Vespula%20germanica.pdf,"https://scholar.google.com/scholar?cites=9934835021138991936&as_sdt=2005&sciodt=0,5&hl=en&num=20",32,2018-06-12,PDF,,,,,,,,1,0.5,1,2,2
6,"M Elshemy, M Khadr",Hydrodynamic impacts of Egyptian Coastal Lakes due to climate change-example Manzala Lake,2015,Int Water Technol J,iwtj.info,http://iwtj.info/wp-content/uploads/2015/09/final-6journal.pdf,"https://scholar.google.com/scholar?cites=6258034085417401286&as_sdt=2005&sciodt=0,5&hl=en&num=20",33,2018-06-12,PDF,,,,,,,,6,2,3,2,3
39,"TA Schlacher, AR Baco, AA Rowden…",Seamount benthos in a cobalt‐rich crust region of the central Pacific: conservation challenges for future seabed mining,2014,Diversity and …,Wiley Online Library,http://onlinelibrary.wiley.com/doi/10.1111/ddi.12142/full,"https://scholar.google.com/scholar?cites=14068318550125178192&as_sdt=2005&sciodt=0,5&hl=en&num=20",34,2018-06-12,HTML,,,,,,,,39,9.75,10,4,4
16,"J Arivalagan, T Yarra, B Marie…",Insights from the shell proteome: biomineralization to adaptation,2016,Molecular biology …,academic.oup.com,https://academic.oup.com/mbe/article-abstract/34/1/66/2670196,"https://scholar.google.com/scholar?cites=9043659389224993862&as_sdt=2005&sciodt=0,5&hl=en&num=20",35,2018-06-12,,,,,,,,,16,8,4,4,2
6,"L Carver, S Sullivan",How economic contexts shape calculations of yield in biodiversity offsetting,2017,Conservation Biology,Wiley Online Library,http://onlinelibrary.wiley.com/doi/10.1111/cobi.12917/full,"https://scholar.google.com/scholar?cites=13433531804741498992&as_sdt=2005&sciodt=0,5&hl=en&num=20",36,2018-06-12,HTML,,,,,,,,6,6,3,2,1
0,"M Postles, M Bartlett",The rise of BioBlitz: Evaluating a popular event format for public engagement and wildlife recording in the United Kingdom,2018,Applied Environmental Education & …,Taylor & Francis,https://www.tandfonline.com/doi/abs/10.1080/1533015X.2018.1427010,,37,2018-06-12,,,,,,,,,0,0,0,2,1
0,"EB Dennis, BJT Morgan, SN Freeman, MS Ridout…",Efficient occupancy model-fitting for extensive citizen-science data,2017,PloS one,journals.plos.org,http://journals.plos.org/plosone/article?id=10.1371/journal.pone.0174433,,38,2018-06-12,HTML,,,,,,,,0,0,0,5,1
0,"DS Finn, MJ O'Callaghan, JP Sadler, M Williams",Development and Characterization of Seven Polymorphic Microsatellite Loci in Bembidion atrocaeruleum (Coleoptera: Carabidae),2014,,ir.library.oregonstate.edu,https://ir.library.oregonstate.edu/concern/articles/xs55md89q,,39,2018-06-12,,,,,,,,,0,0,0,4,4
0,"MJ O'Callaghan, DS Finn, M Williams…",Development and Characterization of Seven Polymorphic Microsatellite Loci in Bembidion atrocaeruleum (Coleoptera: Carabidae),2014,Journal of Insect …,academic.oup.com,https://academic.oup.com/jinsectscience/article-abstract/2381385,,40,2018-06-12,,,,,,,,,0,0,0,4,4
0,"DF McAlpine, AD Fairweather","Occurrence of the terrestrial isopod, Haplophthalmus mengii (Zaddach, 1844) (Oniscidea, Trichoniscidae), in North America",2016,Crustaceana,booksandjournals.brillonline.com,http://booksandjournals.brillonline.com/content/journals/10.1163/15685403-00003505,,41,2018-06-12,CITATION,,,,,,,,0,0,0,2,2
1,"C Andrew, E Heegaard, AC Gange, B Senn-Irlet, S Egli…",Congruency in fungal phenology patterns across dataset sources and scales,2018,Fungal Ecology,Elsevier,https://www.sciencedirect.com/science/article/pii/S1754504817301745,"https://scholar.google.com/scholar?cites=15172596134999940896&as_sdt=2005&sciodt=0,5&hl=en&num=20",42,2018-06-12,HTML,,,,,,,,1,1,0,6,1
0,"RF Comont, K Ashbrook",Evaluating promotional approaches for citizen science biological recording: bumblebees as a group versus Harmonia axyridis as a flagship for ladybirds,2017,BioControl,Springer,https://link.springer.com/article/10.1007/s10526-016-9771-y,,43,2018-06-12,HTML,,,,,,,,0,0,0,2,1
0,"MS Silvia, EF Connor",Differences in meristems between monocots and dicots and susceptibility to attack by gall-inducing insects,2017,Arthropod-Plant Interactions,Springer,https://link.springer.com/article/10.1007/s11829-017-9502-z,,44,2018-06-12,HTML,,,,,,,,0,0,0,2,1
0,"B Cull, ME Pietzsch, KM Hansford, EL Gillingham…",Ticks and Tick-borne Diseases,,researchgate.net,,https://www.researchgate.net/profile/Jolyon_Medlock/publication/322922070_Surveillance_of_British_ticks_An_overview_of_species_records_host_associations_and_new_records_of_Ixodes_ricinus_distribution/links/5a9ea06d0f7e9b80dfb4e6cf/Surveillance-of-British-ticks-An-overview-of-species-records-host-associations-and-new-records-of-Ixodes-ricinus-distribution.pdf,,45,2018-06-12,PDF,,,,,,,,0,0,0,5,
1,"LRFD Knight, A Brancelj, B Hänfling…",The groundwater invertebrate fauna of the Channel Islands,2015,Subterranean …,subtbiol.pensoft.net,https://subtbiol.pensoft.net/article_preview.php?id=4792,"https://scholar.google.com/scholar?cites=12297156970103940213&as_sdt=2005&sciodt=0,5&hl=en&num=20",46,2018-06-12,HTML,,,,,,,,1,0.33,0,4,3
0,"K Ayeni, O Ayeni, MB Henson…","Environmental Audit and Re-assessment of Some Selected Regionally Important Geological/Geomorphological Sites in Knowsley, UK",2017,Environmental …,macrothink.org,http://www.macrothink.org/journal/index.php/emsd/article/view/11111,,47,2018-06-12,,,,,,,,,0,0,0,4,1
0,C Cathrine,Grass Snakes (Natrix natrix) in Scotland,2014,Glasgow Naturalist,glasgownaturalhistory.org.uk,http://www.glasgownaturalhistory.org.uk/gn26_1/nar_conf/cathrine_grass-snakes.pdf,,48,2018-06-12,PDF,,,,,,,,0,0,0,1,4
0,"KM Brauneder, C Montes, S Blyth, L Bennun…",Global screening for Critical Habitat in the terrestrial realm,2018,PloS one,journals.plos.org,http://journals.plos.org/plosone/article?id=10.1371/journal.pone.0193102,,49,2018-06-12,HTML,,,,,,,,0,0,0,5,1
0,SY Tenjing,"Population dynamics of Donax faba (Family: Donacidae) in the coastal waters of Padukere, Karnataka (India)",2017,Iranian Journal of Fisheries Sciences,jifro.ir,https://jifro.ir/article-1-2616-en.pdf,,50,2018-06-12,PDF,,,,,,,,0,0,0,1,1
0,RJ Driscoll,"MANSON, K., & TIMMS, RM, 1984.",,THE NORFOLK & NORWICH,norfolknaturalists.org.uk,http://norfolknaturalists.org.uk/wp/wp-content/uploads/2017/02/Transactions-1995-tranctionsofno30norf_page_283-394.pdf#page=28,,51,2018-06-12,PDF,,,,,,,,0,0,0,1,
0,"MP Pfäffle, TN Petney…","Ixodes acuminatus Neumann, 1901",2018,Ticks of Europe and North …,books.google.com,https://books.google.com/books?hl=en&lr=&id=_5JRDwAAQBAJ&oi=fnd&pg=PA172&dq=%E2%80%9Cbiological+records%E2%80%9D+%E2%80%9Cunited+kingdom%E2%80%9D+-book+-%22new+report%22+-%22new+species%22+-%22new+record%22&ots=LLHrnKbPaN&sig=27rOdVpByz7FNOiLhGobmI8eGr8,,52,2018-06-12,,,,,,,,,0,0,0,3,1
0,US LAWS,BIOLOGICAL OBJECTIVES AND THE,2014,Fishery Science and Management: Objectives and …,books.google.com,https://books.google.com/books?hl=en&lr=&id=6KbTBwAAQBAJ&oi=fnd&pg=PA295&dq=%E2%80%9Cbiological+records%E2%80%9D+%E2%80%9Cunited+kingdom%E2%80%9D+-book+-%22new+report%22+-%22new+species%22+-%22new+record%22&ots=_rzwGOPtO6&sig=b0Ej8WkHC0zFguR17xbyWCuZQHo,,53,2018-06-12,,,,,,,,,0,0,0,1,4
1,"P Vasconcelos, P Moura, F Pereira…",Morphometric relationships and relative growth of 20 uncommon bivalve species from the Algarve coast (southern Portugal),2016,… of the United Kingdom,cambridge.org,https://www.cambridge.org/core/journals/journal-of-the-marine-biological-association-of-the-united-kingdom/article/morphometric-relationships-and-relative-growth-of-20-uncommon-bivalve-species-from-the-algarve-coast-southern-portugal/F44C4D88317711675AFD34FDC78301E9,"https://scholar.google.com/scholar?cites=4383653941319414937&as_sdt=2005&sciodt=0,5&hl=en&num=20",54,2018-06-12,,,,,,,,,1,0.5,0,4,2
0,"JM Fariñas-Franco, B Pearce, JM Mair, DB Harries…",Missing native oyster (Ostrea edulis L.) beds in a European Marine Protected Area: Should there be widespread restorative management?,2018,Biological …,Elsevier,https://www.sciencedirect.com/science/article/pii/S0006320717308030,,55,2018-06-12,HTML,,,,,,,,0,0,0,5,1
18,"NJ Bax, J Cleary, B Donnelly, DC Dunn…",Results of efforts by the Convention on Biological Diversity to describe ecologically or biologically significant marine areas,2016,Conservation …,Wiley Online Library,http://onlinelibrary.wiley.com/doi/10.1111/cobi.12649/full,"https://scholar.google.com/scholar?cites=5754981687378168600&as_sdt=2005&sciodt=0,5&hl=en&num=20",56,2018-06-12,HTML,,,,,,,,18,9,4,5,2
7,"M Tanahashi, CJ Hawes",The presence of a mycangium in European Sinodendron cylindricum (Coleoptera: Lucanidae) and the associated yeast symbionts,2016,Journal of Insect Science,academic.oup.com,https://academic.oup.com/jinsectscience/article-abstract/doi/10.1093/jisesa/iew054/2726687,"https://scholar.google.com/scholar?cites=17212570263996151332&as_sdt=2005&sciodt=0,5&hl=en&num=20",57,2018-06-12,,,,,,,,,7,3.5,4,2,2
0,"OL Pescott, KJ Walker, SM Smart, DB Roy",NPMS Air Pollution Data Review WP1 Report,,npms.org.uk,,http://www.npms.org.uk/sites/www.npms.org.uk/files/PDF/NPMS%20Air%20Pollution%20Data%20Review_WP1_FINAL.pdf,,58,2018-06-12,PDF,,,,,,,,0,0,0,4,
0,YT Singh,"Relationships between environmental factors and biological parameters of Asian wedge clam, Donax scortum, morphometric analysis, length-weight relationship and …",2017,… Marine Biological Association of the United Kingdom,cambridge.org,https://www.cambridge.org/core/journals/journal-of-the-marine-biological-association-of-the-united-kingdom/article/relationships-between-environmental-factors-and-biological-parameters-of-asian-wedge-clam-donax-scortum-morphometric-analysis-lengthweight-relationship-and-condition-index-a-first-report-in-asia/F226F100E476B9D763547B85085EC5E2,,59,2018-06-12,,,,,,,,,0,0,0,1,1
5,"A Komonen, LM Sundström, A Wall…",Afforested fields benefit nutrient‐demanding fungi,2016,Restoration …,Wiley Online Library,http://onlinelibrary.wiley.com/doi/10.1111/rec.12282/full,"https://scholar.google.com/scholar?cites=1910330537969498950&as_sdt=2005&sciodt=0,5&hl=en&num=20",60,2018-06-12,,,,,,,,,5,2.5,1,4,2
11,"AJ Suggitt, RJ Wilson, TA August, R Fox…",Microclimate affects landscape level persistence in the British Lepidoptera,2015,Journal of Insect …,Springer,https://link.springer.com/article/10.1007/s10841-014-9749-y,"https://scholar.google.com/scholar?cites=2428717258683345441&as_sdt=2005&sciodt=0,5&hl=en&num=20",61,2018-06-12,HTML,,,,,,,,11,3.67,2,5,3
18,"AJA Stewart, TM Bantock, BC Beckmann…",The role of ecological interactions in determining species ranges and range changes,2015,Biological Journal of …,academic.oup.com,https://academic.oup.com/biolinnean/article-abstract/115/3/647/2440502,"https://scholar.google.com/scholar?cites=9894056460472098096&as_sdt=2005&sciodt=0,5&hl=en&num=20",62,2018-06-12,,,,,,,,,18,6,5,4,3
15,"TH Oliver, DB Roy",The pitfalls of ecological forecasting,2015,Biological Journal of the Linnean Society,academic.oup.com,https://academic.oup.com/biolinnean/article-abstract/115/3/767/2440542,"https://scholar.google.com/scholar?cites=9064447352571094858&as_sdt=2005&sciodt=0,5&hl=en&num=20",63,2018-06-12,,,,,,,,,15,5,8,2,3
3,"S Croft, ALM Chauvenet, GC Smith",A systematic approach to estimate the distribution and total abundance of British mammals,2017,PloS one,journals.plos.org,http://journals.plos.org/plosone/article?id=10.1371/journal.pone.0176339,"https://scholar.google.com/scholar?cites=8356306258809302131&as_sdt=2005&sciodt=0,5&hl=en&num=20",64,2018-06-12,HTML,,,,,,,,3,3,1,3,1
5,"P Gale, L Kelly, EL Snary",Pathways for entry of livestock arboviruses into Great Britain: assessing the strength of evidence,2015,Transboundary and emerging …,Wiley Online Library,http://onlinelibrary.wiley.com/doi/10.1111/tbed.12317/full,"https://scholar.google.com/scholar?cites=2848726148320466746&as_sdt=2005&sciodt=0,5&hl=en&num=20",65,2018-06-12,,,,,,,,,5,1.67,2,3,3
1,"BV Purse, D Masante, N Golding, D Pigott, JC Day…",How will climate change pathways and mitigation options alter incidence of vector-borne diseases? A framework for leishmaniasis in South and Meso …,2017,PloS one,journals.plos.org,http://journals.plos.org/plosone/article?id=10.1371/journal.pone.0183583,"https://scholar.google.com/scholar?cites=4054082898879015237&as_sdt=2005&sciodt=0,5&hl=en&num=20",66,2018-06-12,HTML,,,,,,,,1,1,0,6,1
3,"PJ Bouchet, JJ Meeuwig, Z Huang…",Continental‐scale hotspots of pelagic fish abundance inferred from commercial catch records,2017,Global Ecology and …,Wiley Online Library,http://onlinelibrary.wiley.com/doi/10.1111/geb.12619/full,"https://scholar.google.com/scholar?cites=12369022286565390703&as_sdt=2005&sciodt=0,5&hl=en&num=20",67,2018-06-12,,,,,,,,,3,3,1,4,1
0,"G Campbell, H Portsmouth",Great Scallops (Pecten maximus)(Mollusca: Bivalvia) exhibit phenotypic plasticity,,academia.edu,,http://www.academia.edu/download/34530827/Pecten_multivariate_allometry.pdf,,68,2018-06-12,PDF,,,,,,,,0,0,0,2,
24,"DM Tendall, S Hellweg, S Pfister…","Impacts of River Water Consumption on Aquatic Biodiversity in Life Cycle Assessment A Proposed Method, and a Case Study for Europe",2014,… science & technology,ACS Publications,http://pubs.acs.org/doi/abs/10.1021/es4048686,"https://scholar.google.com/scholar?cites=14311046533902319894&as_sdt=2005&sciodt=0,5&hl=en&num=20",69,2018-06-12,,,,,,,,,24,6,6,4,4
33,S Johnsen,Hide and seek in the open sea: pelagic camouflage and visual countermeasures,2014,Annual review of marine science,annualreviews.org,http://www.annualreviews.org/doi/abs/10.1146/annurev-marine-010213-135018,"https://scholar.google.com/scholar?cites=17281665474313011495&as_sdt=2005&sciodt=0,5&hl=en&num=20",70,2018-06-12,,,,,,,,,33,8.25,33,1,4
64,"R Fox, TM Brereton, J Asher, TA August, MS Botham…",The State of the UK's Butterflies 2015,2015,,nora.nerc.ac.uk,http://nora.nerc.ac.uk/id/eprint/513489/1/N513489CR.pdf,"https://scholar.google.com/scholar?cites=697296664772611692&as_sdt=2005&sciodt=0,5&hl=en&num=20",71,2018-06-12,PDF,,,,,,,,64,21.33,11,6,3
0,Z Soh,An Evaluation of Community-based Monitoring of Biodiversity in Greater London,,Citeseer,,http://citeseerx.ist.psu.edu/viewdoc/download?doi=10.1.1.709.4054&rep=rep1&type=pdf,,72,2018-06-12,PDF,,,,,,,,0,0,0,1,
0,"MA Biona, CR Marte, ALG Pasadilla, BYG Araneta",CLAM POLYMESODA EROSA HARVESTED FROM THE WILD,,wzukusers.storage.googleapis.com,,https://wzukusers.storage.googleapis.com/user-18648291/documents/58cb534c83b5af8DdpYo/1%20Biona%20et%20al.pdf,,73,2018-06-12,PDF,,,,,,,,0,0,0,4,
26,CW Marean,An evolutionary anthropological perspective on modern human origins,2015,Annual Review of Anthropology,annualreviews.org,http://www.annualreviews.org/doi/abs/10.1146/annurev-anthro-102313-025954,"https://scholar.google.com/scholar?cites=10037842394107451675&as_sdt=2005&sciodt=0,5&hl=en&num=20",74,2018-06-12,,,,,,,,,26,8.67,26,1,3
4,"G Campbell, M Russell",Direct evidence for bottom-fishing in archaeological whelks (Buccinum undatum),2014,Internet Archaeology,researchgate.net,https://www.researchgate.net/profile/Greg_Campbell10/publication/275381846_Direct_Evidence_for_Bottom-fishing_in_Archaeological_Whelks_Buccinum_undatum/links/5728bee508aef5d48d2c8626/Direct-Evidence-for-Bottom-fishing-in-Archaeological-Whelks-Buccinum-undatum.pdf,"https://scholar.google.com/scholar?cites=1850099593115836770&as_sdt=2005&sciodt=0,5&hl=en&num=20",75,2018-06-12,PDF,,,,,,,,4,1,2,2,4
0,"SC Mason, JK Hill, CD Thomas…",Population variability in species can be deduced from opportunistic citizen science records: a case study using British butterflies,2018,Insect Conservation …,Wiley Online Library,https://onlinelibrary.wiley.com/doi/abs/10.1111/icad.12242,,76,2018-06-12,,,,,,,,,0,0,0,4,1
0,"MD Macgregor, IMD Maclean",Microclimate affects landscape level persistence in the British Lepidoptera 2,,researchgate.net,,https://www.researchgate.net/profile/Nick_Isaac/publication/269723454_Microclimate_affects_landscape_level_persistence_in_the_British_Lepidoptera/links/54f823320cf210398e9450d0/Microclimate-affects-landscape-level-persistence-in-the-British-Lepidoptera.pdf,,77,2018-06-12,PDF,,,,,,,,0,0,0,2,
13,"EH Boakes, G Gliozzo, V Seymour, M Harvey…",Patterns of contribution to citizen science biodiversity projects increase understanding of volunteers' recording behaviour,2016,Scientific reports,nature.com,https://www.nature.com/articles/srep33051,"https://scholar.google.com/scholar?cites=6784850573323946944&as_sdt=2005&sciodt=0,5&hl=en&num=20",78,2018-06-12,HTML,,,,,,,,13,6.5,3,5,2
4,"E Tebbs, F Gerard, A Petrie, E De Witte",Emerging and potential future applications of satellite-based soil moisture products,2016,Satellite Soil Moisture Retrieval,Elsevier,https://www.sciencedirect.com/science/article/pii/B978012803388300019X,"https://scholar.google.com/scholar?cites=7581015934434488030&as_sdt=2005&sciodt=0,5&hl=en&num=20",79,2018-06-12,,,,,,,,,4,2,1,4,2
0,DG NOTTON,RECORD OF AGENIOIDEUS SERICEUS,,researchgate.net,,https://www.researchgate.net/profile/David_Notton/publication/323607569_The_spider_wasp_Agenioideus_apicalis_Hymenoptera_Pompilidae_new_to_Britain_and_a_second_British_record_of_Agenioideus_sericeus/links/5aa2700da6fdcc22e2d2efdb/The-spider-wasp-Agenioideus-apicalis-Hymenoptera-Pompilidae-new-to-Britain-and-a-second-British-record-of-Agenioideus-sericeus.pdf,,80,2018-06-12,PDF,,,,,,,,0,0,0,1,
53,"WW Fischer, J Hemp, JE Johnson",Evolution of oxygenic photosynthesis,2016,Annual Review of Earth and …,annualreviews.org,http://www.annualreviews.org/doi/abs/10.1146/annurev-earth-060313-054810,"https://scholar.google.com/scholar?cites=3514385071991332625&as_sdt=2005&sciodt=0,5&hl=en&num=20",81,2018-06-12,,,,,,,,,53,26.5,18,3,2
0,"JDM Speed, M Bendiksby, AG Finstad, K Hassel…","Contrasting spatial, temporal and environmental patterns in observation and specimen based species occurrence data",2018,PloS one,journals.plos.org,http://journals.plos.org/plosone/article?id=10.1371/journal.pone.0196417,,82,2018-06-12,HTML,,,,,,,,0,0,0,5,1
0,"S Milano, BR Schöne, R Witbaard",Manuscript I,,… the environmental record encoded in mollusk …,d-nb.info,https://d-nb.info/1121705618/34#page=42,,83,2018-06-12,PDF,,,,,,,,0,0,0,3,
2,"SC Faulkner, R Verity, D Roberts, SS Roy…",Using geographic profiling to compare the value of sightings vs trap data in a biological invasion,2017,Diversity and …,Wiley Online Library,http://onlinelibrary.wiley.com/doi/10.1111/ddi.12498/full,"https://scholar.google.com/scholar?cites=16407391592318365313&as_sdt=2005&sciodt=0,5&hl=en&num=20",84,2018-06-12,,,,,,,,,2,2,0,5,1
8,"TH Oliver, RJ Smithers, CM Beale, K Watts",Are existing biodiversity conservation strategies appropriate in a changing climate?,2016,Biological Conservation,Elsevier,https://www.sciencedirect.com/science/article/pii/S0006320715301488,"https://scholar.google.com/scholar?cites=4641481262311535569&as_sdt=2005&sciodt=0,5&hl=en&num=20",85,2018-06-12,HTML,,,,,,,,8,4,2,4,2
0,"SC LE COMBER, SC Faulkner, R Verity, D Roberts…",Using geographic profiling to compare the value of sightings vs trap data in a biological invasion,2016,,qmro.qmul.ac.uk,http://qmro.qmul.ac.uk/xmlui/handle/123456789/15903,,86,2018-06-12,,,,,,,,,0,0,0,5,2
1,"RA Stewart, TJ Clark, J Shelton…",Urban grasslands support threatened water voles,2017,Journal of Urban …,academic.oup.com,https://academic.oup.com/jue/article/doi/10.1093/jue/jux007/4097929/Urban-grasslands-support-threatened-water-voles,"https://scholar.google.com/scholar?cites=18000443808963970445&as_sdt=2005&sciodt=0,5&hl=en&num=20",87,2018-06-12,HTML,,,,,,,,1,1,0,4,1
48,"D Fourches, E Muratov, A Tropsha","Trust, but verify II: A practical guide to chemogenomics data curation",2016,Journal of chemical …,ACS Publications,http://pubs.acs.org/doi/abs/10.1021/acs.jcim.6b00129,"https://scholar.google.com/scholar?cites=7437303243536776900&as_sdt=2005&sciodt=0,5&hl=en&num=20",88,2018-06-12,,,,,,,,,48,24,16,3,2
22,"CC Ummenhofer, GA Meehl",Extreme weather and climate events with ecological relevance: a review,2017,Phil. Trans. R. Soc. B,rstb.royalsocietypublishing.org,http://rstb.royalsocietypublishing.org/content/372/1723/20160135.abstract,"https://scholar.google.com/scholar?cites=8822486952150870878&as_sdt=2005&sciodt=0,5&hl=en&num=20",89,2018-06-12,,,,,,,,,22,22,11,2,1
33,"I Maclean, JJ Hopkins, J Bennie…",Microclimates buffer the responses of plant communities to climate change,2015,Global Ecology and …,Wiley Online Library,http://onlinelibrary.wiley.com/doi/10.1111/geb.12359/full,"https://scholar.google.com/scholar?cites=2596427259569259283&as_sdt=2005&sciodt=0,5&hl=en&num=20",90,2018-06-12,,,,,,,,,33,11,8,4,3
0,"VS Kale, A Basu, ME Bickford","Deformation and metamorphism of a schistose terrane accreted with the Proterozoic Pakhal sequence of Godavari valley near Kothagudem, Andhra Pradesh",2015,Journal of the Geological Society of India,Springer,https://link.springer.com/content/pdf/10.1007/s12594-015-0257-9.pdf,,91,2018-06-12,PDF,,,,,,,,0,0,0,3,3
15,"O McDermott Long, R Warren, J Price…",Sensitivity of UK butterflies to local climatic extremes: which life stages are most at risk?,2017,Journal of Animal …,Wiley Online Library,http://onlinelibrary.wiley.com/doi/10.1111/1365-2656.12594/full,"https://scholar.google.com/scholar?cites=791436154648867768&as_sdt=2005&sciodt=0,5&hl=en&num=20",92,2018-06-12,,,,,,,,,15,15,4,4,1
25,"J Bone, D Barraclough, P Eggleton…",Prioritising soil quality assessment through the screening of sites: the use of publicly collected data,2014,Land degradation & …,Wiley Online Library,http://onlinelibrary.wiley.com/doi/10.1002/ldr.2138/full,"https://scholar.google.com/scholar?cites=690335049470994891&as_sdt=2005&sciodt=0,5&hl=en&num=20",93,2018-06-12,,,,,,,,,25,6.25,6,4,4
3,"NJ Bax, J Cleary, B Donnelly, DC Dunn, PK Dunstan…",Results and implications of the first global effort to identify ecologically or biologically significant marine areas,2015,Conserv Biol,cil.nus.edu.sg,https://cil.nus.edu.sg/wp-content/uploads/2015/12/Ses3-12-new.-Results-and-Implications-of-the-First-Global-Effort-to-Identify-Ecologically-or-Biologically-Significant-Marine-Areas.pdf,"https://scholar.google.com/scholar?cites=15200661147216845352&as_sdt=2005&sciodt=0,5&hl=en&num=20",94,2018-06-12,PDF,,,,,,,,3,1,1,6,3
37,"BA Woodcock, C Harrower, J Redhead…",National patterns of functional diversity and redundancy in predatory ground beetles and bees associated with key UK arable crops,2014,Journal of Applied …,Wiley Online Library,http://onlinelibrary.wiley.com/doi/10.1111/1365-2664.12171/full,"https://scholar.google.com/scholar?cites=7818904049718990501&as_sdt=2005&sciodt=0,5&hl=en&num=20",95,2018-06-12,HTML,,,,,,,,37,9.25,9,4,4
15,"SE Newson, HE Evans, S Gillings","A novel citizen science approach for large-scale standardised monitoring of bat activity and distribution, evaluated in eastern England",2015,Biological Conservation,Elsevier,https://www.sciencedirect.com/science/article/pii/S0006320715002323,"https://scholar.google.com/scholar?cites=18081333770572424223&as_sdt=2005&sciodt=0,5&hl=en&num=20",96,2018-06-12,HTML,,,,,,,,15,5,5,3,3
13,AD Rogers,Environmental change in the deep ocean,2015,Annual Review of Environment and Resources,annualreviews.org,http://www.annualreviews.org/doi/abs/10.1146/annurev-environ-102014-021415,"https://scholar.google.com/scholar?cites=11415754463799661075&as_sdt=2005&sciodt=0,5&hl=en&num=20",97,2018-06-12,,,,,,,,,13,4.33,13,1,3
0,"A Lyons, A Oxbrough, P Ashton",Managing biodiversity in upland calcareous grassland landscapes: A case study of spiders and ground beetles,,researchgate.net,,https://www.researchgate.net/profile/Ashley_Lyons/publication/325264447_Managing_biodiversity_in_upland_calcareous_grassland_landscapes_A_case_study_of_spiders_and_ground_beetles/links/5b0292e64585154aeb068c54/Managing-biodiversity-in-upland-calcareous-grassland-landscapes-A-case-study-of-spiders-and-ground-beetles.pdf,,98,2018-06-12,PDF,,,,,,,,0,0,0,3,
15,"L Liebenberg, J Steventon, N Brahman, K Benadie…",Smartphone Icon User Interface design for non-literate trackers and its implications for an inclusive citizen science,2017,Biological …,Elsevier,https://www.sciencedirect.com/science/article/pii/S0006320716301707,"https://scholar.google.com/scholar?cites=12740196150142476219&as_sdt=2005&sciodt=0,5&hl=en&num=20",99,2018-06-12,HTML,,,,,,,,15,15,3,5,1
2,"DK Moss, LC Ivany, RB Silver, J Schue, EG Artruc",High-latitude settings promote extreme longevity in fossil marine bivalves,2017,Paleobiology,BioOne,http://www.bioone.org/doi/abs/10.1017/pab.2017.5,"https://scholar.google.com/scholar?cites=17540923203329617290&as_sdt=2005&sciodt=0,5&hl=en&num=20",100,2018-06-12,,,,,,,,,2,2,0,5,1
0,"G Velle, S Mahlum, DT Monteith, H de Wit, J Arle…",Biodiversity of macro-invertebrates in acid-sensitive waters: trends and relations to water chemistry and climate. ICP Waters report 127/2016,2016,,brage.bibsys.no,https://brage.bibsys.no/xmlui/handle/11250/2426538,,101,2018-06-12,,,,,,,,,0,0,0,6,2
3,"LV Weatherdon, W Appeltans…",Blueprints of effective biodiversity and conservation knowledge products that support marine policy,2017,Frontiers in Marine …,frontiersin.org,https://www.frontiersin.org/articles/10.3389/fmars.2017.00096,"https://scholar.google.com/scholar?cites=13644368209884208170&as_sdt=2005&sciodt=0,5&hl=en&num=20",102,2018-06-12,HTML,,,,,,,,3,3,1,3,1
13,"MO Hill, CD Preston",Disappearance of boreal plants in southern Britain: habitat loss or climate change?,2015,Biological Journal of the Linnean Society,academic.oup.com,https://academic.oup.com/biolinnean/article-abstract/115/3/598/2440171,"https://scholar.google.com/scholar?cites=4712090638787964684&as_sdt=2005&sciodt=0,5&hl=en&num=20",103,2018-06-12,,,,,,,,,13,4.33,7,2,3
0,"WTS Miles, R Mavor, NJ Riddiford, PV Harvey…",Decline in an Atlantic Puffin population: evaluation of magnitude and mechanisms,2015,PloS one,journals.plos.org,http://journals.plos.org/plosone/article?id=10.1371/journal.pone.0131527,,104,2018-06-12,HTML,,,,,,,,0,0,0,5,3
6,"CH Nilon, MFJ Aronson, SS Cilliers, C Dobbs…",Planning for the future of urban biodiversity: a global review of city-scale initiatives,2017,…,academic.oup.com,https://academic.oup.com/bioscience/article/doi/10.1093/biosci/bix012/3065740/Planning-for-the-Future-of-Urban-Biodiversity-A?guestAccessKey=5975a661-c6e7-4a8d-991b-27e07200791f,"https://scholar.google.com/scholar?cites=8226122008934876841&as_sdt=2005&sciodt=0,5&hl=en&num=20",105,2018-06-12,,,,,,,,,6,6,1,5,1
76,"BA Woodcock, NJB Isaac, JM Bullock, DB Roy…",Impacts of neonicotinoid use on long-term population changes in wild bees in England,2016,Nature …,nature.com,https://www.nature.com/articles/ncomms12459,"https://scholar.google.com/scholar?cites=17762636759626061423&as_sdt=2005&sciodt=0,5&hl=en&num=20",106,2018-06-12,HTML,,,,,,,,76,38,15,5,2
0,"M Hob, O Ga",Iss the Noctule Bat rea,,bsg-ecology.com,,http://www.bsg-ecology.com/wp-content/uploads/2015/04/Is-the-noctule-bat-really-uncommon-.pdf,,107,2018-06-12,PDF,,,,,,,,0,0,0,2,
0,"RJ Dyer, S Gillings, RF Pywell, R Fox…",Developing a biodiversity‐based indicator for large‐scale environmental assessment: a case study of proposed shale gas extraction sites in Britain,2017,Journal of Applied …,Wiley Online Library,http://onlinelibrary.wiley.com/doi/10.1111/1365-2664.12784/full,,108,2018-06-12,HTML,,,,,,,,0,0,0,5,1
1,"N Brown, E Vanguelova, S Parnell…",Predisposition of forests to biotic disturbance: Predicting the distribution of Acute Oak Decline using environmental factors,2018,Forest Ecology and …,Elsevier,https://www.sciencedirect.com/science/article/pii/S0378112717314160,"https://scholar.google.com/scholar?cites=2223190335971741076&as_sdt=2005&sciodt=0,5&hl=en&num=20",109,2018-06-12,HTML,,,,,,,,1,1,0,4,1
0,"MP Johnson, A Wilson…","Appendix A: A Vertical Wall Dominated by Acesta excavata and Neopycnodonte zibrowii, Part of an Undersampled Group of Deep-Sea Habitats.",2016,Lateral transport of …,aran.library.nuigalway.ie,https://aran.library.nuigalway.ie/bitstream/handle/10379/6047/Annette%20Wilson_PhD%20Thesis_Final_27Sept2016_PRINT.pdf?sequence=1&isAllowed=y#page=260,,110,2018-06-12,PDF,,,,,,,,0,0,0,3,2
23,"M Kageyama, P Braconnot…",PMIP4-CMIP6: the contribution of the Paleoclimate Modelling Intercomparison Project to CMIP6,2018,Geoscientific Model …,centaur.reading.ac.uk,http://centaur.reading.ac.uk/65722/,"https://scholar.google.com/scholar?cites=3015768351506693334&as_sdt=2005&sciodt=0,5&hl=en&num=20",111,2018-06-12,,,,,,,,,23,23,8,3,1
5,"A Palma, RLH Dennis, T Brereton, SR Leather…",Large reorganizations in butterfly communities during an extreme weather event,2017,…,Wiley Online Library,http://onlinelibrary.wiley.com/doi/10.1111/ecog.02228/full,"https://scholar.google.com/scholar?cites=4887067001262474944&as_sdt=2005&sciodt=0,5&hl=en&num=20",112,2018-06-12,HTML,,,,,,,,5,5,1,5,1
19,"RJ Pakeman, JA Stockan","Drivers of carabid functional diversity: abiotic environment, plant functional traits, or plant functional diversity?",2014,Ecology,Wiley Online Library,http://onlinelibrary.wiley.com/doi/10.1890/13-1059.1/full,"https://scholar.google.com/scholar?cites=5987039928174965097&as_sdt=2005&sciodt=0,5&hl=en&num=20",113,2018-06-12,,,,,,,,,19,4.75,10,2,4
1,"M Moseley, C Proctor",An almost unknown subterranean habitat: British maritime terrestrial caves,2017,Cave and Karst Science,researchgate.net,https://www.researchgate.net/profile/Max_Moseley/publication/313160567_An_almost_unknown_subterranean_habitat_British_maritime_terrestrial_caves/links/58918cdb92851cda256955db/An-almost-unknown-subterranean-habitat-British-maritime-terrestrial-caves.pdf,"https://scholar.google.com/scholar?cites=16732605819138111055&as_sdt=2005&sciodt=0,5&hl=en&num=20",114,2018-06-12,PDF,,,,,,,,1,1,1,2,1
13,"MI Pramanik, RYK Lau, H Demirkan…",Smart health: Big data enabled health paradigm within smart cities,2017,Expert Systems with …,Elsevier,https://www.sciencedirect.com/science/article/pii/S095741741730444X,"https://scholar.google.com/scholar?cites=4888867514358773868&as_sdt=2005&sciodt=0,5&hl=en&num=20",115,2018-06-12,HTML,,,,,,,,13,13,3,4,1
0,K Whelan,"Assessing and Mitigating the Impact of a Major Rainbow Trout Escape on the Wild Salmon and Trout Populations of the Mourne River System, Northern Ireland …",2017,,loughs-agency.org,http://www.loughs-agency.org/wp-content/uploads/2018/04/Rainbow-Trout-Assessment-K-Whelan.compressed.pdf,,116,2018-06-12,PDF,,,,,,,,0,0,0,1,1
13,"MSY Lau, G Marion, G Streftaris…",New model diagnostics for spatio-temporal systems in epidemiology and ecology,2014,Journal of The …,rsif.royalsocietypublishing.org,http://rsif.royalsocietypublishing.org/content/11/93/20131093.short,"https://scholar.google.com/scholar?cites=4349555510072488603&as_sdt=2005&sciodt=0,5&hl=en&num=20",117,2018-06-12,HTML,,,,,,,,13,3.25,3,4,4
1,"A Lyons, PA Ashton, I Powell, A Oxbrough",Habitat associations of epigeal spiders in upland calcareous grassland landscapes: the importance for conservation,2017,Biodiversity and Conservation,Springer,https://link.springer.com/article/10.1007/s10531-017-1488-4,"https://scholar.google.com/scholar?cites=412824755624925299&as_sdt=2005&sciodt=0,5&hl=en&num=20",118,2018-06-12,HTML,,,,,,,,1,1,0,4,1
6,"D Lafage, J Petillon",Impact of cutting date on carabids and spiders in a wet meadow,2014,"Agriculture, ecosystems & environment",Elsevier,https://www.sciencedirect.com/science/article/pii/S0167880913004222,"https://scholar.google.com/scholar?cites=5776322023940992443&as_sdt=2005&sciodt=0,5&hl=en&num=20",119,2018-06-12,HTML,,,,,,,,6,1.5,3,2,4
0,"CL Outhwaite, RE Chandler, GD Powney, B Collen…",Prior specification in Bayesian occupancy modelling improves analysis of species occurrence data,2018,Ecological …,Elsevier,https://www.sciencedirect.com/science/article/pii/S1470160X18303443,,120,2018-06-12,HTML,,,,,,,,0,0,0,5,1
6,"P Vantieghem, D Maes, A Kaiser, T Merckx",Quality of citizen science data and its consequences for the conservation of skipper butterflies (Hesperiidae) in Flanders (northern Belgium),2017,Journal of Insect …,Springer,https://link.springer.com/article/10.1007/s10841-016-9924-4,"https://scholar.google.com/scholar?cites=16685110847833837494&as_sdt=2005&sciodt=0,5&hl=en&num=20",121,2018-06-12,HTML,,,,,,,,6,6,2,4,1
10,"JA Stockan, J Baird, SJ Langan…","Effects of riparian buffer strips on ground beetles (Coleoptera, Carabidae) within an agricultural landscape",2014,Insect conservation …,Wiley Online Library,http://onlinelibrary.wiley.com/doi/10.1111/icad.12043/full,"https://scholar.google.com/scholar?cites=17894433558498134152&as_sdt=2005&sciodt=0,5&hl=en&num=20",122,2018-06-12,,,,,,,,,10,2.5,3,4,4
0,"N Shumway, JEM Watson, MI Saunders, M Maron",The Risks and Opportunities of Translating Terrestrial Biodiversity Offsets to the Marine Realm,2018,BioScience,academic.oup.com,https://academic.oup.com/bioscience/advance-article/doi/10.1093/biosci/bix150/4797265,,123,2018-06-12,,,,,,,,,0,0,0,4,1
1,"A Lucas, O Bodger, BJ Brosi, CR Ford, DW Forman…",Floral resource partitioning by individuals within generalised hoverfly pollination networks revealed by DNA metabarcoding,2018,Scientific reports,nature.com,https://www.nature.com/articles/s41598-018-23103-0,"https://scholar.google.com/scholar?cites=426686215016028791&as_sdt=2005&sciodt=0,5&hl=en&num=20",124,2018-06-12,HTML,,,,,,,,1,1,0,6,1
7,"DJ Harning, Á Geirsdóttir, GH Miller…","Episodic expansion of Drangajökull, Vestfirðir, Iceland, over the last 3 ka culminating in its maximum dimension during the Little Ice Age",2016,Quaternary Science …,Elsevier,https://www.sciencedirect.com/science/article/pii/S0277379116304024,"https://scholar.google.com/scholar?cites=179439729197020936&as_sdt=2005&sciodt=0,5&hl=en&num=20",125,2018-06-12,HTML,,,,,,,,7,3.5,2,4,2
0,"B Emmett, C Bell, D Chadwick, C Cheffings, P Henrys…",Options for a new integrated natural resources monitoring framework for Wales. Phase 1 project report,2016,,nora.nerc.ac.uk,http://nora.nerc.ac.uk/id/eprint/515663/,,126,2018-06-12,,,,,,,,,0,0,0,6,2
1,T Scovazzi,The international legal framework for marine mammal conservation in the Mediterranean Sea,2016,Advances in marine biology,Elsevier,https://www.sciencedirect.com/science/article/pii/S0065288116300104,"https://scholar.google.com/scholar?cites=9965108369543643146&as_sdt=2005&sciodt=0,5&hl=en&num=20",127,2018-06-12,,,,,,,,,1,0.5,1,1,2
1,JM Medlock,"Impact of the creation, expansion and management of English wetlands on mosquitoes (Diptera: Culicidae)",2015,,researchgate.net,https://www.researchgate.net/profile/Jolyon_Medlock/publication/310625326_Impact_of_the_creation_expansion_and_management_of_English_wetlands_on_mosquitoes_Diptera_Culicidae/links/583448c408ae004f74c872df/Impact-of-the-creation-expansion-and-management-of-English-wetlands-on-mosquitoes-Diptera-Culicidae.pdf,"https://scholar.google.com/scholar?cites=3934777647377393054&as_sdt=2005&sciodt=0,5&hl=en&num=20",128,2018-06-12,PDF,,,,,,,,1,0.33,1,1,3
0,"MSM Smith, MJKG Ingram",Wafand Externa,,nora.nerc.ac.uk,,http://nora.nerc.ac.uk/516667/4/part%204.pdf,,129,2018-06-12,PDF,,,,,,,,0,0,0,2,
3,"W Sawangproh, N Cronberg",Life History Traits of the Liverwort Herbivore Scatopsciara cunicularius (Diptera: Sciaridae),2016,Annals of the Entomological …,academic.oup.com,https://academic.oup.com/aesa/article-abstract/109/3/343/1753519,"https://scholar.google.com/scholar?cites=16039931017619643714&as_sdt=2005&sciodt=0,5&hl=en&num=20",130,2018-06-12,,,,,,,,,3,1.5,2,2,2
2,"L Bosso, S Smeraldo, P Rapuzzi, G Sama…",Nature protection areas of Europe are insufficient to preserve the threatened beetle Rosalia alpina (Coleoptera: Cerambycidae): evidence from species distribution …,2018,Ecological …,Wiley Online Library,https://onlinelibrary.wiley.com/doi/abs/10.1111/een.12485,"https://scholar.google.com/scholar?cites=11595999318941804563&as_sdt=2005&sciodt=0,5&hl=en&num=20",131,2018-06-12,,,,,,,,,2,2,0,5,1
0,JM Sanders,Museum taxidermy rediscovered,2017,Museum Storage and Meaning: Tales from the …,books.google.com,https://books.google.com/books?hl=en&lr=&id=Y4U0DwAAQBAJ&oi=fnd&pg=PT235&dq=%E2%80%9Cbiological+records%E2%80%9D+%E2%80%9Cunited+kingdom%E2%80%9D+-book+-%22new+report%22+-%22new+species%22+-%22new+record%22&ots=BT2c3zhu9B&sig=5ORHOe1yeMEgaAiTzKt4IcPUVLo,,132,2018-06-12,,,,,,,,,0,0,0,1,1
62,M Haklay,Citizen science and policy: a European perspective,2015,"Washington, DC",pdfs.semanticscholar.org,https://pdfs.semanticscholar.org/2e13/1552d4393b25a12c821d9c50fdac7ab9b395.pdf,"https://scholar.google.com/scholar?cites=9150208781646927922&as_sdt=2005&sciodt=0,5&hl=en&num=20",133,2018-06-12,PDF,,,,,,,,62,20.67,62,1,3
0,SW Metro,DRAFT FOR PRE-APPLICATION CONSULTATION,2017,,tfw.gov.wales,https://tfw.gov.wales/sites/default/files/documents/Taffs%20Well%20Depot%20Pre-App%20Consultation%20-%20Preliminary%20Ecological%20Appraisal.pdf,,134,2018-06-12,PDF,,,,,,,,0,0,0,1,1
3,"M Solano-Fernández, JA Montoya-Márquez…","Age and growth of the Dolphinfish Coryphaena hippurus in the coast of Oaxaca and Chiapas, Mexico",2015,Revista de Biología …,redalyc.org,http://www.redalyc.org/html/479/47943353008/,"https://scholar.google.com/scholar?cites=8352966968401035999&as_sdt=2005&sciodt=0,5&hl=en&num=20",135,2018-06-12,HTML,,,,,,,,3,1,1,3,3
31,"S Jennings, K Collingridge","Predicting consumer biomass, size-structure, production, catch potential, responses to fishing and associated uncertainties in the world's marine ecosystems",2015,PloS one,journals.plos.org,http://journals.plos.org/plosone/article?id=10.1371/journal.pone.0133794,"https://scholar.google.com/scholar?cites=930380625816999633&as_sdt=2005&sciodt=0,5&hl=en&num=20",136,2018-06-12,HTML,,,,,,,,31,10.33,16,2,3
0,R Hannigan,Imaging and elemental analyses of the growing edge of shells from a commercially important bay scallop shell (Argopecten irradians) using a multi-method …,,marshallplan.at,,http://www.marshallplan.at/s/Moradi.pdf,,137,2018-06-12,PDF,,,,,,,,0,0,0,1,
3,"P Díaz, B Campos",Ontogenia de la concha larval y postlarval de cuatro especies de bivalvos de la costa del Pacífico sureste,2014,Revista de biología marina y oceanografía,SciELO Chile,http://www.scielo.cl/scielo.php?pid=S0718-19572014000200002&script=sci_arttext&tlng=pt,"https://scholar.google.com/scholar?cites=12943701234958339212&as_sdt=2005&sciodt=0,5&hl=en&num=20",138,2018-06-12,HTML,,,,,,,,3,0.75,2,2,4
7,"S Gordillo, T Brey, K Beyer, BJ Lomovasky",Climatic and environmental changes during the middle to late Holocene in southern South America: A sclerochronological approach using the bivalve …,2015,Quaternary International,Elsevier,https://www.sciencedirect.com/science/article/pii/S1040618214009914,"https://scholar.google.com/scholar?cites=16810887048219932469&as_sdt=2005&sciodt=0,5&hl=en&num=20",139,2018-06-12,HTML,,,,,,,,7,2.33,2,4,3
0,"M Solano-Fernández, JA Montoya-Márquez…","Edad y crecimiento del dorado Coryphaena hippurus en la costa de Oaxaca y Chiapas, México",2015,Revista de biología …,SciELO Chile,http://www.scielo.cl/scielo.php?pid=S0718-19572015000400008&script=sci_arttext&tlng=en,,140,2018-06-12,HTML,,,,,,,,0,0,0,3,3
10,"B de Moura Neves, E Edinger, GD Layne, VE Wareham","Decadal longevity and slow growth rates in the deep-water sea pen Halipteris finmarchica (Sars, 1851)(Octocorallia: Pennatulacea): implications for …",2015,Hydrobiologia,Springer,https://link.springer.com/article/10.1007/s10750-015-2229-x,"https://scholar.google.com/scholar?cites=12238002040569795693&as_sdt=2005&sciodt=0,5&hl=en&num=20",141,2018-06-12,HTML,,,,,,,,10,3.33,3,4,3
0,JP Strange,Pacific Branch Distinction in Student Mentoring Award Nominee,2017,,entsoc.org,http://www.entsoc.org/sites/default/files/Jamie_Strange_mentoring.pdf,,142,2018-06-12,PDF,,,,,,,,0,0,0,1,1
0,"H Roy, R Scalera, O Booy, E Branquart, B Gallardo…",ARES (2014) 2425342-22/07/2014. Organisation and running of a scientific workshop to complete selected invasive alien species (IAS) risk assessments,2015,,nora.nerc.ac.uk,http://nora.nerc.ac.uk/id/eprint/510663/,,143,2018-06-12,,,,,,,,,0,0,0,6,3
0,C Colucci,Evidence-based evaluation of artificial reptile habitats: A case study on stone structures,,unine.ch,,http://www.unine.ch/files/live/sites/karch/files/Doc_a_telecharger/Diplomarbeiten/Master_Cristina%20Colucci_2014.pdf,,144,2018-06-12,PDF,,,,,,,,0,0,0,1,
3,"DM Surge, BR Schöne",Bivalve sclerochronology,2015,Encyclopedia of scientific dating methods,Springer,https://link.springer.com/content/pdf/10.1007/978-94-007-6304-3_165.pdf,"https://scholar.google.com/scholar?cites=12742207188598403585&as_sdt=2005&sciodt=0,5&hl=en&num=20",145,2018-06-12,,,,,,,,,3,1,2,2,3
5,"S Viglášová, O Nedvěd, P Zach, J Kulfan, M Parák…",Species assemblages of ladybirds including the harlequin ladybird Harmonia axyridis: a comparison at large spatial scale in urban habitats,2017,BioControl,Springer,https://link.springer.com/article/10.1007/s10526-017-9793-0,"https://scholar.google.com/scholar?cites=11484937936757964774&as_sdt=2005&sciodt=0,5&hl=en&num=20",146,2018-06-12,HTML,,,,,,,,5,5,1,6,1
0,A Margaria,Anonymous Birth,2014,The International Journal of …,booksandjournals.brillonline.com,http://booksandjournals.brillonline.com/content/journals/10.1163/15718182-02203004,,147,2018-06-12,,,,,,,,,0,0,0,1,4
5,G Campbell,"“What do I do with all these shells?” Basic guidance for the recovery, processing and retention of archaeological marine shells",2017,Quaternary International,Elsevier,https://www.sciencedirect.com/science/article/pii/S1040618215008812,"https://scholar.google.com/scholar?cites=16329098625567666683&as_sdt=2005&sciodt=0,5&hl=en&num=20",148,2018-06-12,HTML,,,,,,,,5,5,5,1,1
0,MP Aubry,Biostratigraphy,2015,Encyclopedia of Scientific Dating Methods,Springer,https://link.springer.com/content/pdf/10.1007/978-94-007-6304-3_192.pdf,,149,2018-06-12,,,,,,,,,0,0,0,1,3
0,JW Thompson,Beta Counter,2015,Encyclopedia of Scientific Dating Methods,Springer,https://link.springer.com/content/pdf/10.1007/978-94-007-6304-3_51.pdf,,150,2018-06-12,,,,,,,,,0,0,0,1,3
0,GS Burr,Bomb Carbon,2015,Encyclopedia of Scientific Dating Methods,Springer,https://link.springer.com/content/pdf/10.1007/978-94-007-6304-3_26.pdf,,151,2018-06-12,,,,,,,,,0,0,0,1,3
0,GR Huss,Big Bang,2015,Encyclopedia of Scientific Dating Methods,Springer,https://link.springer.com/content/pdf/10.1007/978-94-007-6304-3_175.pdf,,152,2018-06-12,,,,,,,,,0,0,0,1,3
0,AWG Pike,Bones (U-Series),2015,Encyclopedia of Scientific Dating Methods,Springer,https://link.springer.com/content/pdf/10.1007/978-94-007-6304-3_240.pdf,,153,2018-06-12,,,,,,,,,0,0,0,1,3
0,"X House, H Street",Westray-Rousay Marine Licence Application,2017,,news.ssen.co.uk,http://news.ssen.co.uk/media/224983/Environmental_supporting_information.pdf,,154,2018-06-12,PDF,,,,,,,,0,0,0,2,1
2,"PM Wells, J Baverstock, SJ Clark, FM Jiggins, HE Roy…","Determining the effects of life stage, shared prey density and host plant on intraguild predation of a native lacewing (Chrysoperla carnea) by an invasive …",2017,Biocontrol,Springer,https://link.springer.com/article/10.1007/s10526-016-9775-7,"https://scholar.google.com/scholar?cites=522000119230869517&as_sdt=2005&sciodt=0,5&hl=en&num=20",155,2018-06-12,HTML,,,,,,,,2,2,0,6,1
1,"M Kageyama, P Braconnot, SP Harrison…",The PMIP4 contribution to CMIP6–Part 1: Overview and over-arching analysis plan,2018,Geoscientific Model …,search.proquest.com,http://search.proquest.com/openview/451ce9045f39a9c4ef2a9f151b7a716e/1?pq-origsite=gscholar&cbl=105726,"https://scholar.google.com/scholar?cites=4430255073988038523&as_sdt=2005&sciodt=0,5&hl=en&num=20",156,2018-06-12,,,,,,,,,1,1,0,4,1
0,"MA O'Connor, WJ Walley","Centre for Intelligent Environmental Systems, School ofComputing, Staffordshire University, Beaconside, Stafford STJ8 ODG, UK",,ENVIRONMENTAL SOFTWARE SYSTEMS,researchgate.net,https://www.researchgate.net/profile/Ralf_Denzer/publication/269220538_Environmental_Software_Systems_Volume_4_Second_Edition/links/54847e080cf24356db60df09/Environmental-Software-Systems-Volume-4-Second-Edition.pdf#page=135,,157,2018-06-12,PDF,,,,,,,,0,0,0,2,
5,"AS Heiskanen, T Berg, L Uusitalo, H Teixeira…",Biodiversity in marine ecosystems—European developments toward robust assessments,2016,Frontiers in Marine …,frontiersin.org,https://www.frontiersin.org/articles/10.3389/fmars.2016.00184,"https://scholar.google.com/scholar?cites=7165450429785935408&as_sdt=2005&sciodt=0,5&hl=en&num=20",158,2018-06-12,HTML,,,,,,,,5,2.5,1,5,2
21,"LM Arenas, J Troscianko, M Stevens",Color contrast and stability as key elements for effective warning signals,2014,Frontiers in Ecology and …,frontiersin.org,https://www.frontiersin.org/articles/10.3389/fevo.2014.00025,"https://scholar.google.com/scholar?cites=11691479956622434198&as_sdt=2005&sciodt=0,5&hl=en&num=20",159,2018-06-12,HTML,,,,,,,,21,5.25,7,3,4
0,"M Heubeck, M Mellor",Recent changes in the status and distribution of moulting Common Eiders Somateria mollissima in Shetland,,seabirdgroup.org.uk,,http://www.seabirdgroup.org.uk/journals/seabird-26/seabird-26-71.pdf,,160,2018-06-12,PDF,,,,,,,,0,0,0,2,
6,"EL Robinson, EM Blyth, DB Clark…",Trends in atmospheric evaporative demand in Great Britain using high-resolution meteorological data,2017,Hydrology and Earth …,search.proquest.com,http://search.proquest.com/openview/7ec8a6151e7b30e981fccae89df1723c/1?pq-origsite=gscholar&cbl=105724,"https://scholar.google.com/scholar?cites=531542315938107732&as_sdt=2005&sciodt=0,5&hl=en&num=20",161,2018-06-12,HTML,,,,,,,,6,6,2,4,1
5,"M Vecchione, T Falkenhaug, T Sutton, A Cook…",The effect of the North Atlantic Subpolar Front as a boundary in pelagic biogeography decreases with increasing depth and organism size,2015,Progress in …,Elsevier,https://www.sciencedirect.com/science/article/pii/S007966111500186X,"https://scholar.google.com/scholar?cites=7930548748499934603&as_sdt=2005&sciodt=0,5&hl=en&num=20",162,2018-06-12,HTML,,,,,,,,5,1.67,1,5,3
16,"N Barsoum, L Fuller, F Ashwood, K Reed…",Ground-dwelling spider (Araneae) and carabid beetle (Coleoptera: Carabidae) community assemblages in mixed and monoculture stands of oak (Quercus …,2014,Forest ecology and …,Elsevier,https://www.sciencedirect.com/science/article/pii/S0378112713006051,"https://scholar.google.com/scholar?cites=10183871381874732452&as_sdt=2005&sciodt=0,5&hl=en&num=20",163,2018-06-12,HTML,,,,,,,,16,4,3,5,4
5,"A Diakou, AC Norte, IL de Carvalho, S Núncio…",Ticks and tick-borne pathogens in wild birds in Greece,2016,Parasitology …,Springer,https://link.springer.com/article/10.1007/s00436-016-4943-3,"https://scholar.google.com/scholar?cites=6899110077257943700&as_sdt=2005&sciodt=0,5&hl=en&num=20",164,2018-06-12,HTML,,,,,,,,5,2.5,1,5,2
8,"P Dolejš, J Buchar, L Kubcová, J Smrž",Developmental changes in the spinning apparatus over the life cycle of wolf spiders (Araneae: Lycosidae),2014,Invertebrate biology,Wiley Online Library,http://onlinelibrary.wiley.com/doi/10.1111/ivb.12055/full,"https://scholar.google.com/scholar?cites=6978159895200503695&as_sdt=2005&sciodt=0,5&hl=en&num=20",165,2018-06-12,,,,,,,,,8,2,2,4,4
0,"M Deason, T Doherty, R Kao",Evaluation of bovine tuberculosis surveillance in Jersey and Guernsey,,pdfs.semanticscholar.org,,https://pdfs.semanticscholar.org/aaa6/3d0444d456993be2a68d10efdeb400096bcd.pdf,,166,2018-06-12,PDF,,,,,,,,0,0,0,3,
0,"AG Rumson, SH Hallett",Opening up the coast,2018,Ocean & Coastal Management,Elsevier,https://www.sciencedirect.com/science/article/pii/S0964569117309365,,167,2018-06-12,HTML,,,,,,,,0,0,0,2,1
0,CE Carter,Assessing the interaction between landscape characteristics and biodiversity,2014,,wrap.warwick.ac.uk,http://wrap.warwick.ac.uk/66477/1/WRAP_THESIS_Carter_2014.pdf,,168,2018-06-12,PDF,,,,,,,,0,0,0,1,4
3,"J Barker, A Seymour, S Mowat, A Debney",Thames harbour seal conservation project,2014,UK &,zsl.org,https://www.zsl.org/sites/default/files/media/2014-12/Thames%20Harbour%20Seal%20Conservation%20Project%20Report.pdf,"https://scholar.google.com/scholar?cites=3230234734973131588&as_sdt=2005&sciodt=0,5&hl=en&num=20",169,2018-06-12,PDF,,,,,,,,3,0.75,1,4,4
3,"G Kminek, VJ Hipkin, AM Anesio…","COSPAR Panel on Planetary Protection colloquium, Bern, Switzerland, September 2015 (Meeting Reports)",2016,Space …,Committee on Space Research …,,"https://scholar.google.com/scholar?cites=15624154156611789454&as_sdt=2005&sciodt=0,5&hl=en&num=20",170,2018-06-12,CITATION,,,,,,,,3,1.5,1,4,2
0,"ICP Waters, H de Wit, Ø Garmo, G Velle, A Fjellheim…",Trends in ecosystem and health responses to (reductions in) long-range transported atmospheric pollutants,,unece.org.net4all.ch,,http://www.unece.org.net4all.ch/fileadmin/DAM/env/documents/2015/AIR/EMEP/WGE_report_on_trends_v8.pdf,,171,2018-06-12,PDF,,,,,,,,0,0,0,6,
9,"OJC Boles, PJ Lane","The Green, Green Grass of Home: an archaeo-ecological approach to pastoralist settlement in central Kenya",2016,Azania: Archaeological Research in Africa,Taylor & Francis,http://www.tandfonline.com/doi/abs/10.1080/0067270X.2016.1249587,"https://scholar.google.com/scholar?cites=5552891639985351487&as_sdt=2005&sciodt=0,5&hl=en&num=20",172,2018-06-12,,,,,,,,,9,4.5,5,2,2
0,H Alivizatos,"Anastasia Diakou, Ana Cláudia Norte, Isabel Lopes de Carvalho, Sofia Núncio, Markéta Nováková, Matej Kautman",2016,Parasitol Res,academia.edu,http://www.academia.edu/download/45371794/10.1007_s00436-016-4943-3.pdf,,173,2018-06-12,PDF,,,,,,,,0,0,0,1,2
9,"ML Taylor, CN Roterman",Invertebrate population genetics across Earth's largest habitat: The deep‐sea floor,2017,Molecular ecology,Wiley Online Library,http://onlinelibrary.wiley.com/doi/10.1111/mec.14237/full,"https://scholar.google.com/scholar?cites=14655469497233307604&as_sdt=2005&sciodt=0,5&hl=en&num=20",174,2018-06-12,HTML,,,,,,,,9,9,5,2,1
0,"RF Comont, HE Roy, BV Purse, OT Lewis, R Harrington…",Modelling the impact of an alien invasion: Harmonia axyridis in Britain,2014,,ora.ox.ac.uk,https://ora.ox.ac.uk/objects/uuid:08de972b-1c12-4862-bb7d-95d614a9e011,,175,2018-06-12,,,,,,,,,0,0,0,6,4
0,SG Louw,The International Regulation of Whaling and Conservation of Whales in the New Millennium,2014,,open.uct.ac.za,http://open.uct.ac.za/bitstream/handle/11427/4483/thesis_law_lwxste003.pdf?sequence=1,,176,2018-06-12,PDF,,,,,,,,0,0,0,1,4
2,R Lahl,Challenges to the establishment of CCAMLR Marine Protected Areas (MPA): A stakeholder analysis of interests and positions,2015,,epic.awi.de,http://epic.awi.de/39628/,"https://scholar.google.com/scholar?cites=13420331778058816839&as_sdt=2005&sciodt=0,5&hl=en&num=20",177,2018-06-12,,,,,,,,,2,0.67,2,1,3
5,"Ş Özkan, A Vitali, N Lacetera, B Amon, A Bannink…",Challenges and priorities for modelling livestock health and pathogens in the context of climate change,2016,Environmental …,Elsevier,https://www.sciencedirect.com/science/article/pii/S001393511630319X,"https://scholar.google.com/scholar?cites=3776036594980701440&as_sdt=2005&sciodt=0,5&hl=en&num=20",178,2018-06-12,HTML,,,,,,,,5,2.5,1,6,2
0,MJ Ndumi,Biochemical Effects of Sewage Pollution on The Benthic Organism Nerita Polita,2015,,ir-library.ku.ac.ke,http://ir-library.ku.ac.ke/handle/123456789/13260,,179,2018-06-12,,,,,,,,,0,0,0,1,3
0,E Susset,Importance des agrégations de diapause dans la reproduction de la coccinelle Hippodamia undecimnotata (Schneider)(Coleoptera: Coccinellidae),2016,,thesesups.ups-tlse.fr,http://thesesups.ups-tlse.fr/3290/,,180,2018-06-12,,,,,,,,,0,0,0,1,2
0,"G Kenn, A House, H Heath, DRBSMSCE MIES",JBA Project Manager,2014,,gov.im,https://www.gov.im/media/1346660/2014s1358-appendix-f-environmental-review-rev-10.pdf,,181,2018-06-12,PDF,,,,,,,,0,0,0,4,4
0,E Susset,Importance of diapause aggregations for the reproduction of ladybird hippodamia undecimnotata (Schneider):(Coleoptera Coccinellidae),2016,,tel.archives-ouvertes.fr,https://tel.archives-ouvertes.fr/tel-01537122/,,182,2018-06-12,,,,,,,,,0,0,0,1,2
0,J Carter,"Re-framing Art Through Landscape-Practice, People and Place.",2014,,radar.gsa.ac.uk,http://radar.gsa.ac.uk/3481/2/PECSRL_2014_Conference_Book.pdf,,183,2018-06-12,PDF,,,,,,,,0,0,0,1,4
5,M Rasmussen,The whaling versus whale-watching debate,2014,Whale-watching: Sustainable tourism and …,books.google.com,https://books.google.com/books?hl=en&lr=&id=zEoHAwAAQBAJ&oi=fnd&pg=PA81&dq=%E2%80%9Cbiological+records%E2%80%9D+%E2%80%9Cunited+kingdom%E2%80%9D+-book+-%22new+report%22+-%22new+species%22+-%22new+record%22&ots=piOyqRia6x&sig=j9j15vbqdrr_bhvk22qMVUV_8v8,"https://scholar.google.com/scholar?cites=4455502716396998175&as_sdt=2005&sciodt=0,5&hl=en&num=20",184,2018-06-12,,,,,,,,,5,1.25,5,1,4
0,AD Mason,Monitoring individual animals through a collaborative crowdsourcing and citizen science platform,2016,,search.proquest.com,http://search.proquest.com/openview/54452d3d26f5af0a7562bf1fada3b54e/1?pq-origsite=gscholar&cbl=2026366&diss=y,,185,2018-06-12,,,,,,,,,0,0,0,1,2
0,"BE Emmett, M Abdalla, S Anthony, S Astbury, T August…",Glastir Monitoring & Evaluation Programme. Final report,2017,,nora.nerc.ac.uk,http://nora.nerc.ac.uk/id/eprint/518194/,,186,2018-06-12,,,,,,,,,0,0,0,6,1
13,"X He, KS He, J Hyvönen",Will bryophytes survive in a warming world?,2016,"Perspectives in Plant Ecology, Evolution and …",Elsevier,https://www.sciencedirect.com/science/article/pii/S1433831916300117,"https://scholar.google.com/scholar?cites=4362694925815155872&as_sdt=2005&sciodt=0,5&hl=en&num=20",187,2018-06-12,HTML,,,,,,,,13,6.5,4,3,2
2,E Verdún,Análisis morfométricos en arqueomalacología: Identificación de zonas de recolecta en conchales del Canal Beagle,2015,Magallania (Punta Arenas),SciELO Chile,http://www.scielo.cl/scielo.php?pid=S0718-22442015000100015&script=sci_arttext&tlng=pt,"https://scholar.google.com/scholar?cites=18343138198010668116&as_sdt=2005&sciodt=0,5&hl=en&num=20",188,2018-06-12,HTML,,,,,,,,2,0.67,2,1,3
0,H Zhang,Human Osteoarchaeological Research on Stress and Lifeways of Bronze Age Populations in North China,2016,,summit.sfu.ca,http://summit.sfu.ca/item/16595,,189,2018-06-12,,,,,,,,,0,0,0,1,2
0,S Teichert,The influence of capacity and attitudes in the use of water quality citizen science and volunteer benthic monitoring in the freshwater management activities of Ontario's …,2016,,ir.lib.uwo.ca,http://ir.lib.uwo.ca/etd/3690/,,190,2018-06-12,,,,,,,,,0,0,0,1,2
1,E Coulthard,Habitat and landscape-scale effects on the abundance and diversity of macro-moths (Lepidoptera) in intensive farmland,2015,,nectar.northampton.ac.uk,http://nectar.northampton.ac.uk/7794/1/Coulthard20157794.pdf,"https://scholar.google.com/scholar?cites=1926900577567588159&as_sdt=2005&sciodt=0,5&hl=en&num=20",191,2018-06-12,PDF,,,,,,,,1,0.33,1,1,3
0,J O'Carroll,Novel methods of benthic habitat assessment in designated waterbodies around Ireland,2017,,library.nuigalway.ie,https://www.library.nuigalway.ie/handle/10379/6514,,192,2018-06-12,,,,,,,,,0,0,0,1,1
3,"KR Koopman, J Matthews, R Beringen, B Odé, R Pot…",Risicoanalyse van de uitheemse Egeria (Egeria densa) in Nederland,2014,,repository.ubn.ru.nl,http://repository.ubn.ru.nl/bitstream/handle/2066/131969/131969pub.pdf,"https://scholar.google.com/scholar?cites=12409968974280079655&as_sdt=2005&sciodt=0,5&hl=en&num=20",193,2018-06-12,PDF,,,,,,,,3,0.75,1,6,4
0,"EI Assessment, P Zones",M4 Junctions 3 to 12: Smart Motorway,2014,,… .planninginspectorate.gov.uk,https://infrastructure.planninginspectorate.gov.uk/wp-content/ipc/uploads/projects/TR010019/TR010019-000152-140811_TR010019_%202649169_Revised%20Scoping%20Report%20-%20Version%202%20Final.pdf,,194,2018-06-12,PDF,,,,,,,,0,0,0,2,4
0,EC Frigo,Enamel Hypoplasia and Longevity as seen in the Antelope Creek and Wolf Creek skeletal sample at the Panhandle-Plains Historical Museum,2016,,ttu-ir.tdl.org,https://ttu-ir.tdl.org/ttu-ir/handle/2346/67088,,195,2018-06-12,,,,,,,,,0,0,0,1,2
0,S Ahmad,Biozonation of the Marwar Supergroup around Jodhpur area Western Rajasthan India,2015,,shodhganga.inflibnet.ac.in,http://shodhganga.inflibnet.ac.in/bitstream/10603/45889/2/summary%20final.pdf,,196,2018-06-12,PDF,,,,,,,,0,0,0,1,3
0,ER Streetman,Inferring the Social Organization of Medieval Upper Nubia Using Nonmetric Traits of the Skull,2018,,search.proquest.com,http://search.proquest.com/openview/1c2e0300e116c876c2391b1d0cf8c9b6/1?pq-origsite=gscholar&cbl=18750&diss=y,,197,2018-06-12,,,,,,,,,0,0,0,1,1
0,J Shearman,"The regulation of respiration on plant growth and development of Fallopia japonica, Japanese knotweed",2016,,sro.sussex.ac.uk,http://sro.sussex.ac.uk/id/eprint/62040,,198,2018-06-12,,,,,,,,,0,0,0,1,2
0,V Tönnberg,Integrerat växtskydd i jordgubbar,2014,,stud.epsilon.slu.se,https://stud.epsilon.slu.se/6412/,,199,2018-06-12,,,,,,,,,0,0,0,1,4
0,"K Long, A Hollands",Murdered and Missing Indigenous Women Legal Strategies,2014,,leaf.ca,http://www.leaf.ca/wp-content/uploads/2015/06/2014-07-14-LSC-Memo-re-MMIW-Legal-Strategies.pdf,,200,2018-06-12,PDF,,,,,,,,0,0,0,2,4
