Web Of Science Search,,,,,,
"TS=((""biological record*"" OR ""citizen science"" OR atlas OR gbif OR ""Global Biodiversity Information Facility"" OR eBird OR ""National Biodiversity Data Centre"" OR ""NBN"" OR ""National Biodiversity Network"" OR ""Centre for Environmental Data and Recording"") AND (""Great Britain"" OR Ireland OR Scotland OR Wales OR ""Northern Ireland"" OR ""British Isles"" OR UK OR ""United Kingdom"") NOT (cancer OR disease OR palliative OR ""cross-sectional"" OR ""cross sectional"" OR ""New South Wales"" OR Pyle OR marmoset))",,,,,,
15 June 2018,,,,,,
,,,,,,
title,author,publication,volume,issue,doi,year
Prognosis of sciatica and back-related leg pain in primary care: the ATLAS cohort,"Konstantinou, Kika; Dunn, Kate M.; Ogollah, Reuben; Lewis, Martyn; van der Windt, Danielle; Hay, Elaine M.",SPINE JOURNAL,18,6,10.1016/j.spinee.2017.10.071,2018
Geodemographic biases in crowdsourced knowledge websites: Do neighbours fill in the blanks?,"Bright, Jonathan; De Sabbata, Stefano; Lee, Sumin",GEOJOURNAL,83,3,10.1007/s10708-017-9778-7,2018
"The Irish DNA Atlas: Revealing Fine-Scale Population Structure and History within Ireland (vol 7, 17199, 2017)","Gilbert, Edmund; O'Reilly, Seamus; Merrigan, Michael; McGettigan, Darren; Molloy, Anne M.; Brody, Lawrence C.; Bodmer, Walter; Hutnik, Katarzyna; Ennis, Sean; Lawson, Daniel J.; Wilson, James F.; Cavalleri, Gianpiero L.",SCIENTIFIC REPORTS,8,NA,10.1038/s41598-018-24846-6,2018
"Anatomical study of two previously undescribed specimens of Clevosaurus hudsoni (Lepidosauria: Rhynchocephalia) from Cromhall Quarry, UK, aided by computed tomography, yields additional information on the skeleton and hitherto undescribed bones","O'Brien, Aileen; Whiteside, David I.; Marshall, John E. A.",ZOOLOGICAL JOURNAL OF THE LINNEAN SOCIETY,183,1,NA,2018
One hundred priority questions for landscape restoration in Europe,"Ockendon, Nancy; Thomas, David H. L.; Cortina, Jordi; Adams, William M.; Aykroyd, Toby; Barov, Boris; Boitani, Luigi; Bonn, Aletta; Branquinho, Cristina; Brombacher, Michael; Burrell, Charles; Carver, Steve; Crick, Humphrey Q. P.; Duguy, Beatriz; Everett, Sue; Fokkens, Bart; Fuller, Robert J.; Gibbons, David W.; Gokhelashvili, Ramaz; Griffin, Cy; Halley, Duncan J.; Hotham, Paul; Hughes, Francine M. R.; Karamanlidis, Alexandros A.; McOwen, Chris J.; Miles, Lera; Mitchell, Roger; Rands, Michael R. W.; Roberts, Jeremy; Sandom, Christopher J.; Spencer, Jonathan W.; ten Broeke, Erica; Tew, Eleanor R.; Thomas, Chris D.; Timoshyna, Anastasiya; Unsworth, Richard K. F.; Warrington, Stuart; Sutherland, William J.",BIOLOGICAL CONSERVATION,221,NA,10.1016/j.biocon.2018.03.002,2018
The second Herschel-ATLAS Data Release - III. Optical and near-infrared counterparts in the North Galactic Plane field,"Furlanetto, C.; Dye, S.; Bourne, N.; Maddox, S.; Dunne, L.; Eales, S.; Valiante, E.; Smith, M. W.; Smith, D. J. B.; Ivison, R. J.; Ibar, E.",MONTHLY NOTICES OF THE ROYAL ASTRONOMICAL SOCIETY,476,1,10.1093/mnras/sty151,2018
A role for artificial night-time lighting in long-term changes in populations of 100 widespread macro-moths in UK and Ireland: a citizen-science study,"Wilson, John Fawcett; Baker, David; Cheney, Janet; Cook, Mike; Ellis, Martin; Freestone, Roger; Gardner, David; Geen, Graham; Hemming, Robin; Hodgers, Don; Howarth, Stephen; Jupp, Ade; Lowe, Norman; Orridge, Steve; Shaw, Mark; Smith, Bob; Turner, Audrey; Young, Heather",JOURNAL OF INSECT CONSERVATION,22,2,10.1007/s10841-018-0052-1,2018
Congruency in fungal phenology patterns across dataset sources and scales,"Andrew, Carrie; Heegaard, Einar; Gange, Alan C.; Senn-Irlet, Beatrice; Egli, Simon; Kirk, Paul M.; Buntgen, Ulf; Kauserud, Havard; Boddy, Lynne",FUNGAL ECOLOGY,32,NA,10.1016/j.funeco.2017.11.009,2018
Walled Borders and the Geography of Power in Henrician Prose,"McKeown, Adam",ENGLISH LITERARY RENAISSANCE,48,2,NA,2018
"Using data from schools to model variation in soil invertebrates across the UK: The importance of weather, climate, season and habitat","Martay, B.; Pearce-Higgins, J. W.",PEDOBIOLOGIA,67,NA,10.1016/j.pedobi.2018.01.002,2018
Bat detective-Deep learning tools for bat acoustic signal detection,"Mac Aodha, Oisin; Gibb, Rory; Barlow, Kate E.; Browning, Ella; Firman, Michael; Freeman, Robin; Harder, Briana; Kinsey, Libby; Mead, Gary R.; Newson, Stuart E.; Pandourski, Ivan; Parsons, Stuart; Russ, Jon; Szodoray-Paradi, Abigel; Szodoray-Paradi, Farkas; Tilova, Elena; Girolami, Mark; Brostow, Gabriel; Jones, Kate E.",PLOS COMPUTATIONAL BIOLOGY,14,3,10.1371/journal.pcbi.1005995,2018
Understanding and managing fish populations: keeping the toolbox fit for purpose,"Paris, J. R.; Sherman, K. D.; Bell, E.; Boulenger, C.; Delord, C.; El-Mahdi, M. B. M.; Fairfield, E. A.; Griffiths, A. M.; Roberts, C. Gutmann; Hedger, R. D.; Holman, L. E.; Hooper, L. H.; Humphries, N. E.; Katsiadaki, I.; King, R. A.; Lemopoulos, A.; Payne, C. J.; Peirson, G.; Richter, K. K.; Taylor, M. I.; Trueman, C. N.; Hayden, B.; Stevens, J. R.",JOURNAL OF FISH BIOLOGY,92,3,10.1111/jfb.13549,2018
"A 30-Min Nucleic Acid Amplification Point-of-Care Test for Genital Chlamydia trachomatis Infection in Women: A Prospective, Multi-center Study of Diagnostic Accuracy","Harding-Esch, E. M.; Cousins, E. C.; Chow, S-L C.; Phillips, L. T.; Hall, C. L.; Cooper, N.; Fuller, S. S.; Nori, A., V; Patel, R.; Thomas-William, S.; Whitlock, G.; Edwards, S. J. E.; Green, M.; Clarkson, J.; Arlett, B.; Dunbar, J. K.; Lowndes, C. M.; Sadiq, S. T.",EBIOMEDICINE,28,NA,10.1016/j.ebiom.2017.12.029,2018
Dialects of an invasive songbird are preserved in its invaded but not native source range,"Pipek, Pavel; Petruskova, Tereza; Petrusek, Adam; Diblikova, Lucie; Eaton, Mark A.; Pysek, Petr",ECOGRAPHY,41,2,10.1111/ecog.02779,2018
Causes of colony mortality in bumblebees,"Goulson, D.; O'Connor, S.; Park, K. J.",ANIMAL CONSERVATION,21,1,10.1111/acv.12363,2018
"New plesiosaurian specimens (Reptilia, Plesiosauria) from the Upper Cretaceous (Turonian) of Goulmima (Southern Morocco)","Allemand, Remi; Bardet, Nathalie; Houssaye, Alexandra; Vincent, Peggy",CRETACEOUS RESEARCH,82,NA,10.1016/j.cretres.2017.09.017,2018
Species identification by conservation practitioners using online images: accuracy and agreement between experts,"Austen, Gail E.; Bindemann, Markus; Griffiths, Richard A.; Roberts, David L.",PEERJ,6,NA,10.7717/peerj.4157,2018
The European Bioinformatics Institute in 2017: data coordination and integration,"Cook, Charles E.; Bergman, Mary T.; Cochrane, Guy; Apweiler, Rolf; Birney, Ewan",NUCLEIC ACIDS RESEARCH,46,D1,10.1093/nar/gkx1154,2018
Mechanism and Catalytic Site Atlas (M-CSA): a database of enzyme reaction mechanisms and active sites,"Ribeiro, Antonio J. M.; Holliday, Gemma L.; Furnham, Nicholas; Tyzack, Jonathan D.; Ferris, Katherine; Thornton, Janet M.",NUCLEIC ACIDS RESEARCH,46,D1,10.1093/nar/gkx1012,2018
Atmospheric total ozone column evaluation with a smartphone image sensor,"Igoe, Damien P.; Parisi, Alfio V.; Amar, Abdurazaq; Downs, Nathan J.; Turner, Joanna",INTERNATIONAL JOURNAL OF REMOTE SENSING,39,9,10.1080/01431161.2018.1433895,2018
Geospatial sentiment analysis using twitter data for UK-EU referendum,"Agarwal, Amit; Singh, Ritu; Toshniwal, Durga",JOURNAL OF INFORMATION & OPTIMIZATION SCIENCES,39,1,10.1080/02522667.2017.1374735,2018
Co-creation and open innovation: Systematic literature review,"Ramirez, Maria-Soledad; Garcia-Penalvo, Francisco-Jose",COMUNICAR,NA,54,10.3916/C54-2018-01,2018
Recognition of pigment network pattern in dermoscopy images based on fuzzy classification of pixels,"Luis Garcia-Arroyo, Jose; Garcia-Zapirain, Begonya",COMPUTER METHODS AND PROGRAMS IN BIOMEDICINE,153,NA,10.1016/j.cmpb.2017.10.005,2018
"Citizen science identifies the effects of nitrogen deposition, climate and tree species on epiphytic lichens across the UK","Welden, N. A.; Wolseley, P. A.; Ashmore, M. R.",ENVIRONMENTAL POLLUTION,232,NA,10.1016/j.envpol.2017.09.020,2018
What makes new housing development unsuitable for house sparrows (Passer domesticus)?,"Moudra, Lucie; Zasadil, Petr; Moudry, Vitezslav; Salek, Miroslav",LANDSCAPE AND URBAN PLANNING,169,NA,10.1016/j.landurbplan.2017.08.017,2018
Can bird abundance declines be detected by citizen science programmes? A case study using Common Cuckoo Cuculus canorus,"Sparks, T. H.; Atkinson, S.; Lewthwaite, K.; Dhap, R.; Moran, N. J.; Tryjanowski, P.",AVIAN BIOLOGY RESEARCH,10,4,10.3184/175815617X15036738758862,2017
THE HUMAN FACTOR: ECOLOGICAL SALIENCE IN ORNITHOLOGY AND ETHNO-ORNITHOLOGY,"Gosler, Andrew G.",JOURNAL OF ETHNOBIOLOGY,37,4,NA,2017
Using citizen science butterfly counts to predict species population trends,"Dennis, Emily B.; Morgan, Byron J. T.; Brereton, Tom M.; Roy, David B.; Fox, Richard",CONSERVATION BIOLOGY,31,6,10.1111/cobi.12956,2017
Does public awareness increase support for invasive species management? Promising evidence across taxa and landscape types,"Novoa, Ana; Dehnen-Schmutz, Katharina; Fried, Jana; Vimercati, Giovanni",BIOLOGICAL INVASIONS,19,12,10.1007/s10530-017-1592-0,2017
"Identifying natural and anthropogenically-induced geohazards from satellite ground motion and geospatial data: Stoke-on-Trent, UK","Jordan, Hannah; Cigna, Francesca; Bateson, Luke",INTERNATIONAL JOURNAL OF APPLIED EARTH OBSERVATION AND GEOINFORMATION,63,NA,10.1016/j.jag.2017.07.003,2017
Large-scale citizen science improves assessment of risk posed by wind farms to bats in southern Scotland,"Newson, Stuart E.; Evans, Hazel E.; Gillings, Simon; Jarrett, David; Raynor, Robert; Wilson, Mark W.",BIOLOGICAL CONSERVATION,215,NA,10.1016/j.biocon.2017.09.004,2017
Projected reductions in climatic suitability for vulnerable British birds,"Massimino, Dario; Johnston, Alison; Gillings, Simon; Jiguet, Frederic; Pearce-Higgins, James W.",CLIMATIC CHANGE,145,1-2,10.1007/s10584-017-2081-2,2017
Factors shaping avian alien species richness in Australia vs Europe,"McKinney, Matthew; Kark, Salit",DIVERSITY AND DISTRIBUTIONS,23,11,10.1111/ddi.12625,2017
Dissecting Last-mile Latency Characteristics,"Bajpai, Vaibhav; Eravuchira, Steffie Jacob; Schonwalder, Jurgen",ACM SIGCOMM COMPUTER COMMUNICATION REVIEW,47,5,NA,2017
UK citizen-science scheme to trap wasps criticized,"Gewin, Virginia",FRONTIERS IN ECOLOGY AND THE ENVIRONMENT,15,8,NA,2017
Tackling invasive alien species in Europe II: threats and opportunities until 2020,"Piria, Marina; Copp, Gordon H.; Dick, Jaimie T. A.; Duplic, Aljosa; Groom, Quentin; Jelic, Dusan; Lucy, Frances E.; Roy, Helen E.; Sarat, Emmanuelle; Simonovic, Predrag; Tomljanovic, Tea; Tricarico, Elena; Weinlander, Martin; Adamek, Zdenek; Bedolfe, Sarah; Coughlan, Neil E.; Davis, Eithne; Dobrzycka-Krahel, Aldona; Grgic, Zoran; Kirankaya, Serife G.; Ekmekci, F. Guler; Lajtner, Jasna; Lukas, Juliane A. Y.; Koutsikos, Nicholas; Mennen, Gloria J.; Mitic, Bozena; Pastorino, Paolo; Ruokonen, Timo J.; Skora, Michal E.; Smith, Emily R. C.; Sprem, Nikica; Tarkan, Ali Serhan; Treer, Tomislav; Vardakas, Leonidas; Vehanen, Teppo; Vilizzi, Lorenzo; Zanella, Davor; Caffrey, Joe M.",MANAGEMENT OF BIOLOGICAL INVASIONS,8,3,10.3391/mbi.2017.8.3.02,2017
Developing innovative methods to face aquatic invasions in Europe: the Aquainvad-ED project,"Tricarico, Elena; Borrell, Yaisel J.; Garcia-Vazquez, Eva; Rico, Jose M.; Rech, Sabine; Scapini, Felicita; Johovic, Iva; Rodriguez-Ezpeleta, Naiara; Basurko, Oihane C.; Rey, Anais; Gough, Peter; Aquiloni, Laura; Sposimo, Paolo; Inghilesi, Alberto F.; Haubrock, Phillip; Delgado, Jesus F.; Skukan, Roberta; Hall, David; Marsh-Smith, Stephen; Kilbey, David; Monteoliva, Agustin P.; Muha, Teja P.; Rodriguez-Rey, Marta; Rolla, Matteo; Rehwald, Heidi K.; de Leaniz, Carlos Garcia; Consuegra, Sofia",MANAGEMENT OF BIOLOGICAL INVASIONS,8,3,10.3391/mbi.2017.8.3.13,2017
"A new TOC, Rock-Eval, and carbon isotope record of Lower Jurassic source rocks from the Slyne Basin, offshore Ireland","Silva, Ricardo L.; Carlisle, Charles A. M.; Wach, Grant",MARINE AND PETROLEUM GEOLOGY,86,NA,10.1016/j.marpetgeo.2017.06.004,2017
TO START A FIRE: THE MATERIAL EFFECT ON VOCABULARY,"Burkette, Allison",AMERICAN SPEECH,92,3,10.1215/00031283-4312075,2017
Estimating the ability of plants to plastically track temperature-mediated shifts in the spring phenological optimum,"Tansey, Christine J.; Hadfield, Jarrod D.; Phillimore, Albert B.",GLOBAL CHANGE BIOLOGY,23,8,10.1111/gcb.13624,2017
The role of citizen science in monitoring small-scale pollution events,"Hyder, Kieran; Wright, Serena; Kirby, Mark; Brant, Jan",MARINE POLLUTION BULLETIN,120,1-2,10.1016/j.marpolbul.2017.04.038,2017
Comparability of macroinvertebrate biomonitoring indices of river health derived from semi-quantitative and quantitative methodologies,"Everall, Nicholas C.; Johnson, Matthew F.; Wood, Paul; Farmer, Andrew; Wilby, Robert L.; Measham, Nick",ECOLOGICAL INDICATORS,78,NA,10.1016/j.ecolind.2017.03.040,2017
Recognition of children on age-different images: Facial morphology and age-stable features,"Caplova, Zuzana; Compassi, Valentina; Giancola, Silvio; Gibelli, Daniele M.; Obertova, Zuzana; Poppa, Pasquale; Sala, Remo; Sforza, Chiarella; Cattaneo, Cristina",SCIENCE & JUSTICE,57,4,10.1016/j.scijus.2017.03.005,2017
"Novel Sampling Method for Assessing Human-Pathogen Interactions in the Natural Environment Using Boot Socks and Citizen Scientists, with Application to Campylobacter Seasonality","Jones, Natalia R.; Millman, Caroline; van der Es, Mike; Hukelova, Miroslava; Forbes, Ken J.; Glover, Catherine; Haldenby, Sam; Hunter, Paul R.; Jackson, Kathryn; O'Brien, Sarah J.; Rigby, Dan; Strachan, Norval J. C.; Williams, Nicola; Lake, Iain R.",APPLIED AND ENVIRONMENTAL MICROBIOLOGY,83,14,10.1128/AEM.00162-17,2017
Voluntary recording scheme reveals ongoing decline in the United Kingdom hazel dormouse Muscardinus avellanarius population,"Goodwin, Cecily E. D.; Hodgson, David J.; Al-Fulaij, Nida; Bailey, Sallie; Langton, Steve; Mcdonald, Robbie A.",MAMMAL REVIEW,47,3,10.1111/mam.12091,2017
Birds of a feather flock together: Insights into starling murmuration behaviour revealed using citizen science,"Goodenough, Anne E.; Little, Natasha; Carpenter, William S.; Hart, Adam G.",PLOS ONE,12,6,10.1371/journal.pone.0179277,2017
Developing a biodiversity-based indicator for large-scale environmental assessment: a case study of proposed shale gas extraction sites in Britain,"Dyer, Robert James; Gillings, Simon; Pywell, Richard F.; Fox, Richard; Roy, David B.; Oliver, Tom H.",JOURNAL OF APPLIED ECOLOGY,54,3,10.1111/1365-2664.12784,2017
"Predicting the likely impact of urbanisation on bat populations using citizen science data, a case study for Norfolk, UK","Border, Jennifer A.; Newson, Stuart E.; White, David C. J.; Gillings, Simon",LANDSCAPE AND URBAN PLANNING,162,NA,10.1016/j.landurbplan.2017.02.005,2017
The Evidence Information Service as a new platform for supporting evidence-based policy: a consultation of UK parliamentarians,"Lawrence, Natalia S.; Chambers, Jemma C.; Morrison, Sinead M.; Bestmann, Sven; O'Grady, Gerard; Chambers, Christopher D.; Kythreotis, Andrew P.",EVIDENCE & POLICY,13,2,10.1332/174426416X14643531912169,2017
Demonstrating the value of community-based ('citizen science') observations for catchment modelling and characterisation,"Starkey, Eleanor; Parkin, Geoff; Birkinshaw, Stephen; Large, Andy; Quinn, Paul; Gibson, Ceri",JOURNAL OF HYDROLOGY,548,NA,10.1016/j.jhydrol.2017.03.019,2017
Determining global distribution of microplastics by combining citizen science and in-depth case studies,"Bosker, Thijs; Behrens, Paul; Vijver, Martina G.",INTEGRATED ENVIRONMENTAL ASSESSMENT AND MANAGEMENT,13,3,10.1002/ieam.1908,2017
Characterisation of the natural environment: quantitative indicators across Europe,"Smith, Graham; Cirach, Marta; Swart, Wim; Dedele, Audrius; Gidlow, Christopher; van Kempen, Elise; Kruize, Hanneke; Grazuleviciene, Regina; Nieuwenhuijsen, Mark J.",INTERNATIONAL JOURNAL OF HEALTH GEOGRAPHICS,16,NA,10.1186/s12942-017-0090-z,2017
Wave energy extraction in Scotland through an improved nearshore wave atlas,"Lavidas, George; Venugopal, Vengatesan; Friedrich, Daniel",INTERNATIONAL JOURNAL OF MARINE ENERGY,17,NA,10.1016/j.ijome.2017.01.008,2017
An assessment of bumblebee (Bombus spp) land use and floral preference in UK gardens and allotments cultivated for food,"Foster, Gemma; Bennett, James; Sparks, Tim",URBAN ECOSYSTEMS,20,2,10.1007/s11252-016-0604-7,2017
Efficient occupancy model-fitting for extensive citizen-science data,"Dennis, Emily B.; Morgan, Byron J. T.; Freeman, Stephen N.; Ridout, Martin S.; Brereton, Tom M.; Fox, Richard; Powney, Gary D.; Roy, David B.",PLOS ONE,12,3,10.1371/journal.pone.0174433,2017
Evaluating the use of Myotis daubentonii as an ecological indicator in Mediterranean riparian habitats,"Lopez-Baucells, Adria; Casanova, Laura; Puig-Montserrat, Xavier; Espinal, Anna; Paramo, Ferran; Flaquer, Caries",ECOLOGICAL INDICATORS,74,NA,10.1016/j.ecolind.2016.11.012,2017
New insight on Carboniferous (Visean) brachiopods from eastern Tafilalt (Morocco),"Mottequin, Bernard; Aretz, Markus; Herbig, Hans-Georg; Baidder, Lahssen; Kaoukaya, Abdelhadi; Denayer, Julien",GEOLOGICAL JOURNAL,52,2,10.1002/gj.2750,2017
The Leeds and Yorkshire Geographical Society c. 1902-17,"Butlin, Robin A.",NORTHERN HISTORY,54,1,10.1080/0078172X.2017.1283092,2017
Age estimation in Portuguese population: The application of the London atlas of tooth development and eruption,"Pavlovic, Strahinja; Pereira, Cristiana Palmela; Santos, Rui Filipe Vargas de Sousa",FORENSIC SCIENCE INTERNATIONAL,272,NA,10.1016/j.forsciint.2017.01.011,2017
"Mineralogy and ore fluid chemistry of the Roc Blanc Ag deposit, Jebilet Hercynian massif, Morocco","Essarraj, Samira; Boiron, Marie-Christine; Cathelineau, Michel; Tarantola, Alexandre; Leisen, Mathieu; Hibti, Mohamed",JOURNAL OF AFRICAN EARTH SCIENCES,127,NA,10.1016/j.jafrearsci.2016.07.020,2017
Development of food photographs for use with children aged 18 months to 16 years: Comparison against weighed food diaries - The Young Person's Food Atlas (UK),"Foster, Emma; Hawkins, Adrian; Barton, Karen L.; Stamp, Elaine; Matthews, John N. S.; Adamson, Ashley J.",PLOS ONE,12,2,10.1371/journal.pone.0169084,2017
An atlas of endohedral Sc2S cluster fullerenes,"Gan, Li-Hua; Wu, Rui; Tian, Jian-Lei; Fowler, Patrick W.",PHYSICAL CHEMISTRY CHEMICAL PHYSICS,19,1,10.1039/c6cp07370k,2017
Marine Scotland Open Data Network,"Milne, Drew; Rasmussen, Jens",OCEANS-IEEE,NA,NA,NA,2017
Railways as a potential bird census tool in citizen-science projects: a preliminary study,"Murgui, Enrique",BIRD STUDY,64,4,10.1080/00063657.2017.1400518,2017
Talking security and rights The framing of counter-terrorism legislation in the UK,"Demirsu, Ipek",JOURNAL OF LANGUAGE AND POLITICS,16,5,10.1075/jlp.15043.dem,2017
THE RAILWAY ATLAS OF SCOTLAND: TWO HUNDRED YEARS OF HISTORY IN MAPS,"Hollamby, Ken",CARTOGRAPHIC JOURNAL,54,2,10.1080/00087041.2017.1307043,2017
Testing the validity of a commonly-used habitat suitability index at the edge of a species' range: great crested newt Triturus cristatus in Scotland,"O'Brien, David; Hall, Jeanette; Miro, Alexandre; Wilkinson, John",AMPHIBIA-REPTILIA,38,3,10.1163/15685381-00003108,2017
Analysis of alcohol use disorders from the Nathan Kline Institute-Rockland Sample: Correlation of brain cortical thickness with neuroticism,"Zhao, Yihong; Zheng, Zhi-Liang; Castellanos, F. Xavier",DRUG AND ALCOHOL DEPENDENCE,170,NA,10.1016/j.drugalcdep.2016.10.040,2017
Diffusion kurtosis metrics as biomarkers of microstructural development: A comparative study of a group of children and a group of adults,"Grinberg, Farida; Maximov, Ivan I.; Farrher, Ezequiel; Neuner, Irene; Amort, Laura; Thoennessen, Heike; Oberwelland, Eileen; Konrad, Kerstin; Shah, N. Jon",NEUROIMAGE,144,NA,10.1016/j.neuroimage.2016.08.033,2017
RADIATION EXPOSURE ASSESSMENT OF A ROBOT HAND SYSTEM,"Kourlitis, Evangelos; French, Richard; Marin-Reyes, Hector",ADVANCES IN COOPERATIVE ROBOTICS,NA,NA,NA,2017
A Generalized Abundance Index for Seasonal Invertebrates,"Dennis, Emily B.; Morgan, Byron J. T.; Freeman, Stephen N.; Brereton, Tom M.; Roy, David B.",BIOMETRICS,72,4,10.1111/biom.12506,2016
"Diversity and ecology of sponges in the Early Ordovician Fezouata Biota, Morocco","Botting, Joseph P.",PALAEOGEOGRAPHY PALAEOCLIMATOLOGY PALAEOECOLOGY,460,NA,10.1016/j.palaeo.2016.05.018,2016
RAPPER: A new method for rapid assessment of macroalgae as a complement to diatom-based assessments of ecological status,"Kelly, Martyn G.; Krokowski, Jan; Harding, J. P. C.",SCIENCE OF THE TOTAL ENVIRONMENT,568,NA,10.1016/j.scitotenv.2015.12.068,2016
"Volunteer Conservation Action Data Reveals Large-Scale and Long-Term Negative Population Trends of a Widespread Amphibian, the Common Toad (Bufo bufo)","Petrovan, Silviu O.; Schmidt, Benedikt R.",PLOS ONE,11,10,10.1371/journal.pone.0161943,2016
"Imagining wildlife: New technologies and animal censuses, maps and museums","Verma, Audrey; van der Wal, Rene; Fischer, Anke",GEOFORUM,75,NA,10.1016/j.geoforum.2016.07.002,2016
"Advancing Qualitative Research Using Qualitative Data Analysis Software (QDAS)? Reviewing Potential Versus Practice in Published Studies using ATLAS.ti and NVivo, 1994-2013","Woods, Megan; Paulus, Trena; Atkins, David P.; Macklin, Rob",SOCIAL SCIENCE COMPUTER REVIEW,34,5,10.1177/0894439315596311,2016
The National Eclipse Weather Experiment: an assessment of citizen scientist weather observations,"Barnard, L.; Portas, A. M.; Gray, S. L.; Harrison, R. G.",PHILOSOPHICAL TRANSACTIONS OF THE ROYAL SOCIETY A-MATHEMATICAL PHYSICAL AND ENGINEERING SCIENCES,374,2077,10.1098/rsta.2015.0220,2016
The solar eclipse: a natural meteorological experiment,"Harrison, R. Giles; Hanna, Edward",PHILOSOPHICAL TRANSACTIONS OF THE ROYAL SOCIETY A-MATHEMATICAL PHYSICAL AND ENGINEERING SCIENCES,374,2077,10.1098/rsta.2015.0225,2016
The National Eclipse Weather Experiment: use and evaluation of a citizen science tool for schools outreach,"Portas, Antonio M.; Barnard, Luke; Scott, Chris; Harrison, R. Giles",PHILOSOPHICAL TRANSACTIONS OF THE ROYAL SOCIETY A-MATHEMATICAL PHYSICAL AND ENGINEERING SCIENCES,374,2077,10.1098/rsta.2015.0223,2016
Species identification by experts and non-experts: comparing images from field guides,"Austen, G. E.; Bindemann, M.; Griffiths, R. A.; Roberts, D. L.",SCIENTIFIC REPORTS,6,NA,10.1038/srep33634,2016
Allometric relationships for urban trees in Great Britain,"Monteiro, Madalena Vaz; Doick, Kieron J.; Handley, Phillip",URBAN FORESTRY & URBAN GREENING,19,NA,10.1016/j.ufug.2016.07.009,2016
Automatic segmentation of abdominal organs and adipose tissue compartments in water-fat MRI: Application to weight-loss in obesity,"Shen, Jun; Baum, Thomas; Cordes, Christian; Ott, Beate; Skurk, Thomas; Kooijman, Hendrik; Rummeny, Ernst J.; Hauner, Hans; Menze, Bjoern H.; Karampinos, Dimitrios C.",EUROPEAN JOURNAL OF RADIOLOGY,85,9,10.1016/j.ejrad.2016.06.006,2016
Phytochemistry and pharmacology of the genus Drypetes: A review,"Wansi, Jean Duplex; Wandji, Jean; Sewald, Norbert; Nahar, Lutfun; Martin, Claire; Sarker, Satyajit Dey",JOURNAL OF ETHNOPHARMACOLOGY,190,NA,10.1016/j.jep.2016.06.060,2016
Analysis of the cell-free amniotic fluid transcriptome expressed during the euploid mid-trimester of pregnancy,"Jung, Yong Wook; Shim, Sung Shin; Park, Ji Eun; Sung, Se Ra; Shim, Sung Han; Park, Hea Ree; Cha, Dong Hyun",EUROPEAN JOURNAL OF OBSTETRICS & GYNECOLOGY AND REPRODUCTIVE BIOLOGY,203,NA,10.1016/j.ejogrb.2016.05.040,2016
Quantifying the long-term decline of the West European hedgehog in England by subsampling citizen-science datasets,"Hof, Anouschka R.; Bright, Paul W.",EUROPEAN JOURNAL OF WILDLIFE RESEARCH,62,4,10.1007/s10344-016-1013-1,2016
Is DNA barcoding child's play? Science education and the utility of DNA barcoding for the discrimination of UK tree species,"Tosh, James; James, Karen; Rumsey, Fred; Crookshank, Annabel; Dyer, Robert; Hopkins, Della",BOTANICAL JOURNAL OF THE LINNEAN SOCIETY,181,4,10.1111/boj.12449,2016
Efficient patient modeling for visuo-haptic VR simulation using a generic patient atlas,"Mastmeyer, Andre; Fortmeier, Dirk; Handels, Heinz",COMPUTER METHODS AND PROGRAMS IN BIOMEDICINE,132,NA,10.1016/j.cmpb.2016.04.017,2016
"Antenatal depression, treatment with selective serotonin reuptake inhibitors, and neonatal brain structure: A propensity-matched cohort study","Jha, Shaili C.; Meltzer-Brody, Samantha; Steiner, Rachel J.; Cornea, Emil; Woolson, Sandra; Ahn, Mihye; Verde, Audrey R.; Hamer, Robert M.; Zhu, Hongtu; Styner, Martin; Gilmore, John H.; Knickmeyer, Rebecca C.",PSYCHIATRY RESEARCH-NEUROIMAGING,253,NA,10.1016/j.pscychresns.2016.05.004,2016
Initiating and continuing participation in citizen science for natural history,"Everett, Glyn; Geoghegan, Hilary",BMC ECOLOGY,16,NA,10.1186/s12898-016-0062-3,2016
Differences between urban and rural hedges in England revealed by a citizen science project,"Gosling, Laura; Sparks, Tim H.; Araya, Yoseph; Harvey, Martin; Ansine, Janice",BMC ECOLOGY,16,NA,10.1186/s12898-016-0064-1,2016
Quality control in public participation assessments of water quality: the OPAL Water Survey,"Rose, N. L.; Turner, S. D.; Goldsmith, B.; Gosling, L.; Davidson, T. A.",BMC ECOLOGY,16,NA,10.1186/s12898-016-0063,2016
Compressed air solution helps reduce CO2 impact,[Anonymous],FILTRATION & SEPARATION,53,4,NA,2016
Crowdsourcing Without a Crowd: Reliable Online Species Identification Using Bayesian Models to Minimize Crowd Size,"Siddharthan, Advaith; Lambin, Christopher; Robinson, Anne-Marie; Sharma, Nirwan; Comont, Richard; O'Mahony, Elaine; Mellish, Chris; Van der Wal, Rene",ACM TRANSACTIONS ON INTELLIGENT SYSTEMS AND TECHNOLOGY,7,4,10.1145/2776896,2016
"Examining regional variation in health care spending in British Columbia, Canada","Lavergne, Miriam Ruth; Barer, Morris; Law, Michael R.; Wong, Sabrina T.; Peterson, Sandra; McGrail, Kimberlyn",HEALTH POLICY,120,7,10.1016/j.healthpol.2016.04.007,2016
What is the public's role in space policymaking? Images of the public by practitioners of space communication in the United Kingdom,"Entradas, Marta",PUBLIC UNDERSTANDING OF SCIENCE,25,5,10.1177/0963662515579838,2016
Long-term changes in the migration phenology of UK breeding birds detected by large-scale citizen science recording schemes,"Newson, Stuart E.; Moran, Nick J.; Musgrove, Andy J.; Pearce-Higgins, James W.; Gillings, Simon; Atkinson, Philip W.; Miller, Ryan; Grantham, Mark J.; Baillie, Stephen R.",IBIS,158,3,10.1111/ibi.12367,2016
IDF Diabetes Atlas estimates of 2014 global health expenditures on diabetes,"Fernandes, Joao da Rocha; Ogurtsova, Katherine; Linnenkamp, Ute; Guariguata, Leonor; Seuring, Till; Zhang, Ping; Cavan, David; Makaroff, Lydia E.",DIABETES RESEARCH AND CLINICAL PRACTICE,117,NA,10.1016/j.diabres.2016.04.016,2016
In vivo detection of atherosclerotic plaque using non-contact and label-free near-infrared hyperspectral imaging,"Chihara, Hideo; Oishi, Naoya; Ishii, Akira; Munemitsu, Toshihiro; Arai, Daisuke; Ikeda, Hiroyuki; Miyamoto, Susumu",ATHEROSCLEROSIS,250,NA,10.1016/j.atherosclerosis.2016.04.029,2016
Citizen science networks in natural history and the collective validation of biodiversity data,"Turnhout, Esther; Lawrence, Anna; Turnhout, Sander",CONSERVATION BIOLOGY,30,3,10.1111/cobi.12696,2016
The role of automated feedback in training and retaining biological recorders for citizen science,"van der Wal, Rene; Sharma, Nirwan; Mellish, Chris; Robinson, Annie; Siddharthan, Advaith",CONSERVATION BIOLOGY,30,3,10.1111/cobi.12705,2016
Alien macroinvertebrates in Flanders (Belgium),"Boets, Pieter; Brosens, Dimitri; Lock, Koen; Adriaens, Tim; Aelterman, Bart; Mertens, Joost; Goethals, Peter L. M.",AQUATIC INVASIONS,11,2,10.3391/ai.2016.11.2.03,2016
Beekeepers' knowledges and participation in pollinator conservation policy,"Maderson, Siobhan; Wynne-Jones, Sophie",JOURNAL OF RURAL STUDIES,45,NA,10.1016/j.jrurstud.2016.02.015,2016
Resting functional connectivity in social anxiety disorder and the effect of pharmacotherapy,"Doruyter, Alexander; Lochner, Christine; Jordaan, Gerhard P.; Stein, Dan J.; Dupont, Patrick; Warwick, James M.",PSYCHIATRY RESEARCH-NEUROIMAGING,251,NA,10.1016/j.pscychresns.2016.04.009,2016
Voluntary non-monetary approaches for implementing conservation,"Santangeli, Andrea; Arroyo, Beatriz; Dicks, Lynn V.; Herzon, Irina; Kukkala, Aija S.; Sutherland, William J.; Moilanen, Atte",BIOLOGICAL CONSERVATION,197,NA,10.1016/j.biocon.2016.03.013,2016
Probabilistic atlas prior for CT image reconstruction,"Rashed, Essam A.; Kudo, Hiroyuki",COMPUTER METHODS AND PROGRAMS IN BIOMEDICINE,128,NA,NA,2016
GravitinoPack and decays of supersymmetric metastable particles,"Eberl, Helmut; Spanos, Vassilis C.",COMPUTER PHYSICS COMMUNICATIONS,202,NA,10.1016/j.cpc.2015.12.027,2016
"Atlas Florae Europaeae notes 27. Taxonomy of the Sorbus arranensis group (Rosaceae) in Norway, a hybrid aggregate between S. aria s. lato and S. aucuparia","Sennikov, Alexander N.; Hjertson, Mats; Salvesen, Per H.",ANNALES BOTANICI FENNICI,53,1-2,NA,2016
To share or not to share: Drivers and barriers for sharing data via online amateur weather networks,"Gharesifard, Mohammad; Wehn, Uta",JOURNAL OF HYDROLOGY,535,NA,10.1016/j.jhydrol.2016.01.036,2016
"Atlas of scientific institutions in food science (Scopus, 2003-2013)","Guerrero-Bote, Vicente P.; Olmeda-Gomez, Carlos; Moya-Anegon, Felix",LWT-FOOD SCIENCE AND TECHNOLOGY,67,NA,10.1016/j.lwt.2015.11.035,2016
"A multi-method investigation of temperature, moisture and salt dynamics in tafoni (Tafraoute, Morocco)","Schnepfleitner, Harald; Sass, Oliver; Fruhmann, Stefanie; Viles, Heather; Goudie, Andrew",EARTH SURFACE PROCESSES AND LANDFORMS,41,4,10.1002/esp.3838,2016
Focal Plant Observations as a Standardised Method for Pollinator Monitoring: Opportunities and Limitations for Mass Participation Citizen Science,"Roy, Helen E.; Baxter, Elizabeth; Saunders, Aoine; Pocock, Michael J. O.",PLOS ONE,11,3,10.1371/journal.pone.0150794,2016
Public Engagement in Energy Research,"Jellema, Jako; Mulder, Henk A. J.",ENERGIES,9,3,10.3390/en9030125,2016
"Recreational fisheries in the UK: natural capital, ecosystem services, threats, and management","Winfield, Ian J.",FISHERIES SCIENCE,82,2,10.1007/s12562-016-0967-y,2016
"Methadone, buprenorphine and preferences for opioid agonist treatment: A qualitative analysis","Yarborough, Bobbi Jo H.; Stumbo, Scott P.; McCarty, Dennis; Mertens, Jennifer; Weisner, Constance; Green, Carla A.",DRUG AND ALCOHOL DEPENDENCE,160,NA,10.1016/j.drugalcdep.2015.12.031,2016
How do we improve men's mental health via primary care? An evaluation of the Atlas Men's Well-being Pilot Programme for stressed/distressed men,"Cheshire, Anna; Peters, David; Ridge, Damien",BMC FAMILY PRACTICE,17,NA,10.1186/s12875-016-0410-6,2016
Pink sea fans (Eunicella verrucosa) as indicators of the spatial efficacy of Marine Protected Areas in southwest UK coastal waters,"Pikesley, Stephen K.; Godley, Brendan J.; Latham, Holly; Richardson, Peter B.; Robson, Laura M.; Solandt, Jean-Luc; Trundle, Colin; Wood, Chris; Witt, Matthew J.",MARINE POLICY,64,NA,10.1016/j.marpol.2015.10.010,2016
Herman Moll's The World Described (1720): Mapping Britain's Global and Imperial Interests,"Crowley, John E.",IMAGO MUNDI-THE INTERNATIONAL JOURNAL FOR THE HISTORY OF CARTOGRAPHY,68,1,10.1080/03085694.2016.1107370,2016
Pathways through the Landscape in a Changing Climate: The Role of Landscape Structure in Facilitating Species Range Expansion through an Urbanised Region,"Gilchrist, Anna; Barker, Adam; Handley, John F.",LANDSCAPE RESEARCH,41,1,10.1080/01426397.2015.1045466,2016
They Took a Chance: Susan Hockey and Julianne Nyhan,"Nyhan, Julianne; Flinn, Andrew",Springer Series on Cultural Computing,NA,NA,10.1007/978-3-319-20170-2_6,2016
Superconducting thermal neutron detectors,"Merlo, V.; Pietropaolo, A.; Celentano, G.; Cirillo, M.; Lucci, M.; Ottaviani, I.; Salvato, M.; Scherillo, A.; Schooneveld, E. M.; Vannozzi, A.",Journal of Physics Conference Series,746,NA,10.1088/1742-6596/746/1/012019,2016
Discourse in the study of organizations. A revision of literature,"Alejandra Ocampo-Salazar, Carmen; Rene Gonzales-Miranda, Iego; Gentilin, Mariano",CUADERNOS DE GESTION,16,1,10.5295/cdg.140460dg,2016
'You Have to Keep Track of Your Changes': The Version Variants and Publishing History of David Mitchell's Cloud Atlas,"Eve, Martin Paul",OPEN LIBRARY OF HUMANITIES,2,2,10.16995/olh.82,2016
SENSOR WEB ENABLEMENT (SWE) FOR CITIZEN SCIENCE,"Simonis, I; De Lathouwer, B.; Taylor, T.",IEEE International Symposium on Geoscience and Remote Sensing IGARSS,NA,NA,10.1109/IGARSS.2016.7729937,2016
Forest Tweets - Informal Digital Coverage of the Oak Processionary Moth or Why Foresters should care about Social Media,"Daume, Stefan; Fueldner, Kai",ALLGEMEINE FORST UND JAGDZEITUNG,187,9-10,NA,2016
EXTERNAL RELATIONS OF THE EU: FOCUS ON THE ATLANTIC REGION,"Kovacevic, Dubravka; Ciderova, Denisa",International Multidisciplinary Scientific GeoConference-SGEM,NA,NA,NA,2016
Learning How to Learn - Which Learning Techniques Really Foster Contemporary Academic Learning?,"Thye, Miriam; Ritzka, Desiree; Link, Rose; Tauschel, Diethard",European Proceedings of Social and Behavioural Sciences,16,NA,10.15405/epsbs.2016.11.79,2016
Usability Study to Qualify a Dexterous Robotic Manipulator for High Radiation Environments,"French, Richard; Marin-Reyes, Hector; Kourlitis, Evangelos",IEEE International Conference on Emerging Technologies and Factory Automation-ETFA,NA,NA,NA,2016
Incorporating movement in species distribution models: how do simulations of dispersal affect the accuracy and uncertainty of projections?,"Holloway, Paul; Miller, Jennifer A.; Gillings, Simon",INTERNATIONAL JOURNAL OF GEOGRAPHICAL INFORMATION SCIENCE,30,10,10.1080/13658816.2016.1158823,2016
Landscape effects in the intertidal around the coastline of Great Britain,"Johnson, Mark P.; Maggs, Christine A.; Allcock, A. Louise; Blight, Andrew J.",JOURNAL OF BIOGEOGRAPHY,43,1,10.1111/jbi.12607,2016
A qualitative analysis of implementing shared decision making in Child and Adolescent Mental Health Services in the United Kingdom: Stages and facilitators,"Abrines-Jaume, Neus; Midgley, Nick; Hopkins, Katy; Hoffman, Jasmine; Martin, Kate; Law, Duncan; Wolpert, Miranda",CLINICAL CHILD PSYCHOLOGY AND PSYCHIATRY,21,1,10.1177/1359104514547596,2016
"Citizen science: a new approach to advance ecology, education, and conservation","Kobori, Hiromi; Dickinson, Janis L.; Washitani, Izumi; Sakurai, Ryo; Amano, Tatsuya; Komatsu, Naoya; Kitamura, Wataru; Takagawa, Shinichi; Koyama, Kazuo; Ogawara, Takao; Miller-Rushing, A. J.",ECOLOGICAL RESEARCH,31,1,10.1007/s11284-015-1314-y,2016
Mapping earthworm communities in Europe,"Rutgers, Michiel; Orgiazzi, Alberto; Gardi, Ciro; Roembke, Joerg; Jaensch, Stephan; Keith, Aidan M.; Neilson, Roy; Boag, Brian; Schmidt, Olaf; Murchie, Archie K.; Blackshaw, Rod P.; Peres, Guenola; Cluzeau, Daniel; Guernion, Muriel; Briones, Maria J. I.; Rodeiro, Javier; Pineiro, Raul; Diaz Cosin, Dario J.; Paulo Sousa, J.; Suhadolc, Marjetka; Kos, Ivan; Krogh, Paul-Henning; Faber, Jack H.; Mulder, Christian; Bogte, Jaap J.; van Wijnen, Harm J.; Schouten, Anton J.; de Zwart, Dick",APPLIED SOIL ECOLOGY,97,NA,10.1016/j.apsoil.2015.08.015,2016
Palaeogeographic implications of a new iocrinid crinoid (Disparida) from the Ordovician (Darriwillian) of Morocco,"Zamora, Samuel; Rahman, Imran A.; Ausich, William I.",PEERJ,3,NA,10.7717/peerj.1450,2015
Dental age estimation standards for a Western Australian population,"Karkhanis, Shalmira; Mack, Peter; Franklin, Daniel",FORENSIC SCIENCE INTERNATIONAL,257,NA,10.1016/j.forsciint.2015.06.021,2015
Using habitat-specific population trends to evaluate the consistency of the effect of species traits on bird population change,"Sullivan, Martin J. P.; Newson, Stuart E.; Pearce-Higgins, James W.",BIOLOGICAL CONSERVATION,192,NA,10.1016/j.biocon.2015.10.009,2015
BCVEGPY2.2: A newly upgraded version for hadronic production of the meson B-c and its excited states,"Chang, Chao-Hsi; Wang, Xian-You; Wu, Xing-Gang",COMPUTER PHYSICS COMMUNICATIONS,197,NA,10.1016/j.cpc.2015.07.015,2015
A framework for addressing ethical issues in citizen science,"Resnik, David B.; Elliott, Kevin C.; Miller, Aubrey K.",ENVIRONMENTAL SCIENCE & POLICY,54,NA,10.1016/j.envsci.2015.05.008,2015
Predictive classification of pediatric bipolar disorder using atlas-based diffusion weighted imaging and support vector machines,"Mwangi, Benson; Wu, Mon-Ju; Bauer, Isabelle E.; Modi, Haina; Zeni, Cristian P.; Zunta-Soares, Giovana B.; Hasan, Khader M.; Soares, Jair C.",PSYCHIATRY RESEARCH-NEUROIMAGING,234,2,10.1016/j.pscychresns.2015.10.002,2015
Trait correlates of distribution trends in the Odonata of Britain and Ireland,"Powney, Gary D.; Cham, Steve S. A.; Smallshire, Dave; Isaac, Nick J. B.",PEERJ,3,NA,10.7717/peerj.1410,2015
"The National Landslide Database of Great Britain: Acquisition, communication and the role of social media","Pennington, Catherine; Freeborough, Katy; Dashwood, Claire; Dijkstra, Tom; Lawrie, Kenneth",GEOMORPHOLOGY,249,NA,10.1016/j.geomorph.2015.03.013,2015
Use of remote sensing to produce a habitat map of Norfolk,"Bell, Gemma; Neal, Samuel; Medcalf, Katie",ECOLOGICAL INFORMATICS,30,NA,10.1016/j.ecoinf.2015.06.003,2015
Digital innovation through partnership between nature conservation organisations and academia: A qualitative impact assessment,"Galan-Diaz, Carlos; Edwards, Peter; Nelson, John D.; van der Wal, Rene",AMBIO,44,NA,10.1007/s13280-015-0704-2,2015
Mapping species distributions: A comparison of skilled naturalist and lay citizen science recording,"van der Wal, Rene; Anderson, Helen; Robinson, Annie; Sharma, Nirwan; Mellish, Chris; Roberts, Stuart; Darvill, Ben; Siddharthan, Advaith",AMBIO,44,NA,10.1007/s13280-015-0709-x,2015
"Sequential activation of premotor, primary somatosensory and primary motor areas in humans during cued finger movements","Sun, Hai; Blakely, Timothy M.; Darvas, Felix; Wander, Jeremiah D.; Johnson, Lise A.; Su, David K.; Miller, Kai J.; Fetz, Eberhard E.; Ojemann, Jeffery G.",CLINICAL NEUROPHYSIOLOGY,126,11,10.1016/j.clinph.2015.01.005,2015
Natural and Anthropogenic Geohazards in Greater London Observed from Geological and ERS-1/2 and ENVISAT Persistent Scatterers Ground Motion Data: Results from the EC FP7-SPACE PanGeo Project,"Cigna, Francesca; Jordan, Hannah; Bateson, Luke; McCormack, Harry; Roberts, Claire",PURE AND APPLIED GEOPHYSICS,172,11,10.1007/s00024-014-0927-3,2015
Knowledge exchange in networked organizations: does place matter?,"Mabey, Chris; Wong, Amy L. Y.; Hsieh, Linda",R & D MANAGEMENT,45,5,10.1111/radm.12099,2015
A framework to create customised LHC analyses within CheckMATE,"Kim, Jong Soo; Schmeier, Daniel; Tattersall, Jamie; Rolbiecki, Krzysztof",COMPUTER PHYSICS COMMUNICATIONS,196,NA,10.1016/j.cpc.2015.06.002,2015
Structural brain network analysis in families multiply affected with bipolar I disorder,"Forde, Natalie J.; O'Donoghue, Stefani; Scanlon, Cathy; Emsell, Louise; Chaddock, Chris; Leemans, Alexander; Jeurissen, Ben; Barker, Gareth J.; Cannon, Dara M.; Murray, Robin M.; McDonald, Colm",PSYCHIATRY RESEARCH-NEUROIMAGING,234,1,10.1016/j.pscychresns.2015.08.004,2015
"ACTS OF PERCEPTION: SAMUEL BECKET, TIME, SPACE AND THE DIGITAL LITERARY ATLAS OF IRELAND, 1922-1949","Travis, Charles",INTERNATIONAL JOURNAL OF HUMANITIES AND ARTS COMPUTING,9,2,10.3366/ijhac.2015.0150,2015
Climate association with fluctuation in annual abundance of fifty widely distributed moths in England and Wales: a citizen-science study,"Wilson, John Fawcett; Baker, David; Cook, Mike; Davis, George; Freestone, Roger; Gardner, David; Grundy, Dave; Lowe, Norman; Orridge, Steve; Young, Heather",JOURNAL OF INSECT CONSERVATION,19,5,10.1007/s10841-015-9811-4,2015
Patterns and causes of covariation in bird and butterfly community structure,"Eglington, Sarah M.; Brereton, Tom M.; Tayleur, Catherine M.; Noble, David; Risely, Kate; Roy, David B.; Pearce-Higgins, James W.",LANDSCAPE ECOLOGY,30,8,10.1007/s10980-015-0199-z,2015
HAWK 2.0: A Monte Carlo program for Higgs production in vector-boson fusion and Higgs strahlung at hadron colliders,"Denner, Ansgar; Dittmaier, Stefan; Kallweit, Stefan; Mueck, Alexander",COMPUTER PHYSICS COMMUNICATIONS,195,NA,10.1016/j.cpc.2015.04.021,2015
Relationship between the catechol-O-methyl transferase Va1108/158Met genotype and brain volume in treatment-naive major depressive disorder: Voxel-based morphometry analysis,"Watanabe, Keita; Kakeda, Shingo; Yoshimura, Reiji; Abe, Osamu; Ide, Satoru; Hayashi, Kenji; Katsuki, Asuka; Umene-Nakano, Wakako; Watanabe, Rieko; Nakamura, Jun; Korogi, Yukunori",PSYCHIATRY RESEARCH-NEUROIMAGING,233,3,10.1016/j.pscychresns.2015.07.024,2015
Cerebellar vermis contributes to the extinction of conditioned fear,"Utz, A.; Thuerling, M.; Ernst, T. M.; Hermann, A.; Stark, R.; Wolf, O. T.; Timmann, D.; Merz, C. J.",NEUROSCIENCE LETTERS,604,NA,10.1016/j.neulet.2015.07.026,2015
Biodiversity in urban gardens: Assessing the accuracy of citizen science data on garden hedgehogs,"Williams, Rachel L.; Stafford, Richard; Goodenough, Anne E.",URBAN ECOSYSTEMS,18,3,10.1007/s11252-014-0431-7,2015
Neurosurgery planning in rodents using a magnetic resonance imaging assisted framework to target experimentally defined networks,"Pallares, Vicente; Moya, Javier; Samper-Belda, Francisco J.; Canals, Santiago; Moratal, David",COMPUTER METHODS AND PROGRAMS IN BIOMEDICINE,121,2,10.1016/j.cmpb.7015.05.011,2015
Anxiety as a neurodevelopmental disorder in a neuronal subpopulation: Evidence from gene expression data,"Viggiano, Adela; Cacciola, Giovanna; Widmer, David A. J.; Viggiano, Davide",PSYCHIATRY RESEARCH,228,3,10.1016/j.psychres.2015.05.032,2015
Relationship between a BDNF gene polymorphism and the brain volume in treatment-naive patients with major depressive disorder: A VBM analysis of brain MRI,"Ide, Satoru; Kakeda, Shingo; Watanabe, Keita; Yoshimura, Reiji; Abe, Osamu; Hayashi, Kenji; Ueda, Issei; Kishi, Taro; Katsuki, Asuka; Umene-Nakano, Wakako; Iwata, Nakao; Nakamura, Jun; Korogi, Yukunori",PSYCHIATRY RESEARCH-NEUROIMAGING,233,2,10.1016/j.pscychresns.2015.05.016,2015
"Coastal wetlands of Victoria, south-eastern Australia: providing the inventory and condition information needed for their effective management and conservation","Boon, Paul I.; Allen, Tim; Carr, Geoff; Frood, Doug; Harty, Chris; Mcmahon, Andrew; Mathews, Steve; Rosengren, Neville; Sinclair, Steve; White, Matt; Yugovic, Jeff",AQUATIC CONSERVATION-MARINE AND FRESHWATER ECOSYSTEMS,25,4,10.1002/aqc.2442,2015
Ten years of invasion: Harmonia axyridis (Pallas) (Coleoptera: Coccinellidae) in Britain,"Roy, Helen E.; Brown, Peter M. J.",ECOLOGICAL ENTOMOLOGY,40,4,10.1111/een.12203,2015
On the Potential of Surfers to Monitor Environmental Indicators in the Coastal Zone,"Brewin, Robert J. W.; de Mora, Lee; Jackson, Thomas; Brewin, Thomas G.; Shutler, Jamie",PLOS ONE,10,7,10.1371/journal.pone.0127706,2015
Oral histories: a simple method of assigning chronological age to isotopic values from human dentine collagen,"Beaumont, Julia; Montgomery, Janet",ANNALS OF HUMAN BIOLOGY,42,4,10.3109/03014460.2015.1045027,2015
The Biological Records Centre: a pioneer of citizen science,"Pocock, Michael J. O.; Roy, Helen E.; Preston, Chris D.; Roy, David B.",BIOLOGICAL JOURNAL OF THE LINNEAN SOCIETY,115,3,10.1111/bij.12548,2015
Taking the oldest insect recording scheme into the 21st Century,"Foster, Garth N.",BIOLOGICAL JOURNAL OF THE LINNEAN SOCIETY,115,3,10.1111/bij.12531,2015
Ecological monitoring with citizen science: the design and implementation of schemes for recording plants in Britain and Ireland,"Pescott, Oliver L.; Walker, Kevin J.; Pocock, Michael J. O.; Jitlal, Mark; Outhwaite, Charlotte L.; Cheffings, Christine M.; Harris, Felicity; Roy, David B.",BIOLOGICAL JOURNAL OF THE LINNEAN SOCIETY,115,3,10.1111/bij.12581,2015
Bias and information in biological records,"Isaac, Nick J. B.; Pocock, Michael J. O.",BIOLOGICAL JOURNAL OF THE LINNEAN SOCIETY,115,3,10.1111/bij.12532,2015
Unbiased inference of plant flowering phenology from biological recording data,"Chapman, Daniel S.; Bell, Sandra; Helfer, Stephan; Roy, David B.",BIOLOGICAL JOURNAL OF THE LINNEAN SOCIETY,115,3,10.1111/bij.12515,2015
Plant hybrids in the wild: evidence from biological recording,"Preston, Christopher D.; Pearman, David A.",BIOLOGICAL JOURNAL OF THE LINNEAN SOCIETY,115,3,10.1111/bij.12577,2015
"Air pollution and its effects on lichens, bryophytes, and lichen-feeding Lepidoptera: review and evidence from biological records","Pescott, Oliver L.; Simkin, Janet M.; August, Tom A.; Randle, Zoe; Dore, Anthony J.; Botham, Marc S.",BIOLOGICAL JOURNAL OF THE LINNEAN SOCIETY,115,3,10.1111/bij.12541,2015
The contribution of volunteer recorders to our understanding of biological invasions,"Roy, Helen E.; Rorke, Steph L.; Beckmann, Bjoern; Booy, Olaf; Botham, Marc S.; Brown, Peter M. J.; Harrower, Colin; Noble, David; Sewell, Jack; Walker, Kevin",BIOLOGICAL JOURNAL OF THE LINNEAN SOCIETY,115,3,10.1111/bij.12518,2015
The use of opportunistic data for IUCN Red List assessments,"Maes, Dirk; Isaac, Nick J. B.; Harrower, Colin A.; Collen, Ben; Van Strien, Arco J.; Roy, David B.",BIOLOGICAL JOURNAL OF THE LINNEAN SOCIETY,115,3,10.1111/bij.12530,2015
The pitfalls of ecological forecasting,"Oliver, Tom H.; Roy, David B.",BIOLOGICAL JOURNAL OF THE LINNEAN SOCIETY,115,3,10.1111/bij.12579,2015
An agenda for the future of biological recording for ecological monitoring and citizen science,"Sutherland, William J.; Roy, David B.; Amano, Tatsuya",BIOLOGICAL JOURNAL OF THE LINNEAN SOCIETY,115,3,10.1111/bij.12576,2015
Harnessing the potential of the multi-indicator palaeoecological approach: an assessment of the nature and causes of ecological change in a eutrophic shallow lake,"Bennion, Helen; Davidson, Thomas A.; Sayer, Carl D.; Simpson, Gavin L.; Rose, Neil L.; Sadler, Jonathan P.",FRESHWATER BIOLOGY,60,7,10.1111/fwb.12579,2015
Trait-based analysis of decline in plant species ranges during the 20th century: a regional comparison between the UK and Estonia,"Laanisto, Lauri; Sammul, Marek; Kull, Tiiu; Macek, Petr; Hutchings, Michael J.",GLOBAL CHANGE BIOLOGY,21,7,10.1111/gcb.12887,2015
Regional vegetation change and implications for local conservation: An example from West Cornwall (United Kingdom),"Kosanic, A.; Anderson, K.; Frere, C. H.; Harrison, S.",GLOBAL ECOLOGY AND CONSERVATION,4,NA,10.1016/j.gecco.2015.08.006,2015
African Female Physicians and Nurses in the Global Care Chain: Qualitative Explorations from Five Destination Countries,"Wojczewski, Silvia; Pentz, Stephen; Blacklock, Claire; Hoffmann, Kathryn; Peersman, Wim; Nkomazana, Oathokwa; Kutalek, Ruth",PLOS ONE,10,6,10.1371/journal.pone.0129464,2015
"Wild bird feeding in an urban area: intensity, economics and numbers of individuals supported","Orros, Melanie E.; Fellowes, Mark D. E.",ACTA ORNITHOLOGICA,50,1,10.3161/00016454AO2015.50.1.006,2015
Multi-subject atlas-based auto-segmentation reduces interobserver variation and improves dosimetric parameter consistency for organs at risk in nasopharyngeal carcinoma: A multi-institution clinical study,"Tao, Chang-Juan; Yi, Jun-Lin; Chen, Nian-Yong; Ren, Wei; Cheng, Jason; Tung, Stewart; Kong, Lin; Lin, Shao-Jun; Pan, Jian-Ji; Zhang, Guang-Shun; Hu, Jiang; Qi, Zhen-Yu; Ma, Jun; Lu, Jia-De; Yan, Di; Sun, Ying",RADIOTHERAPY AND ONCOLOGY,115,3,10.1016/j.radonc.2015.05.012,2015
Methods for calculations of potential and producible associated with marine energies: case studies in the Channel - Atlantic,"Ledoux, Sebastien; Chotard, David; Mazeiraud, Vincent; Garcia, Nicolas; Saillard, Thibault; Mensencal, Yvon; Mouslim, Hakim",HOUILLE BLANCHE-REVUE INTERNATIONALE DE L EAU,NA,3,10.1051/lhb/20150028,2015
Developing and enhancing biodiversity monitoring programmes: a collaborative assessment of priorities,"Pocock, Michael J. O.; Newson, Stuart E.; Henderson, Ian G.; Peyton, Jodey; Sutherland, William J.; Noble, David G.; Ball, Stuart G.; Beckmann, Bjoern C.; Biggs, Jeremy; Brereton, Tom; Bullock, David J.; Buckland, Stephen T.; Edwards, Mike; Eaton, Mark A.; Harvey, Martin C.; Hill, Mark O.; Horlock, Martin; Hubble, David S.; Julian, Angela M.; Mackey, Edward C.; Mann, Darren J.; Marshall, Matthew J.; Medlock, Jolyon M.; O'Mahony, Elaine M.; Pacheco, Marina; Porter, Keith; Prentice, Steve; Procter, Deborah A.; Roy, Helen E.; Southway, Sue E.; Shortall, Chris R.; Stewart, Alan J. A.; Wembridge, David E.; Wright, Mark A.; Roy, David B.",JOURNAL OF APPLIED ECOLOGY,52,3,10.1111/1365-2664.12423,2015
Widespread white matter tract aberrations in youth with familial risk for bipolar disorder,"Roybal, Donna J.; Barnea-Goraly, Naama; Kelley, Ryan; Bararpour, Layla; Howe, Meghan E.; Reiss, Allan L.; Chang, Kiki D.",PSYCHIATRY RESEARCH-NEUROIMAGING,232,2,10.1016/j.pscychresns.2015.02.007,2015
"The 'Labors of Atlas, Sisyphus, or Hercules'? US Gas-Centrifuge Policy and Diplomacy, 1954-60","Burr, William",INTERNATIONAL HISTORY REVIEW,37,3,10.1080/07075332.2014.918557,2015
"Large-scale Spatial Patterns in Species Richness of Orthoptera in the Greater London Area, United Kingdom: Relationships with Land Cover","Cherrill, Andrew",Landscape Research,40,4,10.1080/01426397.2014.902922,2015
Retinoic acid potentiates inflammatory cytokines in human mast cells: Identification of mast cells as prominent constituents of the skin retinoid network,"Sabina, Magda; Guhl, Sven; Motakis, Efthymios; Artuc, Metin; Hazzan, Tarek; Worm, Margitta; Forrest, Alistair R. R.; Zuberbier, Torsten",MOLECULAR AND CELLULAR ENDOCRINOLOGY,406,C,10.1016/j.mce.2015.02.019,2015
Doing the Great British Class Survey,"Devine, Fiona; Snee, Helene",SOCIOLOGICAL REVIEW,63,2,10.1111/1467-954X.12282,2015
A cortical source localization analysis of resting EEG data after remifentanil infusion,"Khodayari-Rostamabad, Ahmad; Graversen, Carina; Malver, Lasse P.; Kurita, Geana P.; Christrup, Lona L.; Sjogren, Per; Drewes, Asbjorn M.",CLINICAL NEUROPHYSIOLOGY,126,5,10.1016/j.clinph.2014.08.006,2015
Comparison of trends in butterfly populations between monitoring schemes,"Roy, D. B.; Ploquin, E. F.; Randle, Z.; Risely, K.; Botham, M. S.; Middlebrook, I.; Noble, D.; Cruickshanks, K.; Freeman, S. N.; Brereton, T. M.",JOURNAL OF INSECT CONSERVATION,19,2,10.1007/s10841-014-9739-0,2015
LASIK-Induced Aberrations: Comparing Corneal and Whole-Eye Measurements,"Gobbe, Marine; Reinstein, Dan Z.; Archer, Timothy J.",OPTOMETRY AND VISION SCIENCE,92,4,10.1097/OPX.0000000000000557,2015
Wave resource assessment for Scottish waters using a large scale North Atlantic spectral wave model,"Venugopal, Vengatesan; Nemalidinne, Reddy",RENEWABLE ENERGY,76,NA,10.1016/j.renene.2014.11.056,2015
Landscape and climate determine patterns of spread for all colour morphs of the alien ladybird Harmonia axyridis,"Purse, Bethan V.; Comont, Richard; Butler, Adam; Brown, Peter M. J.; Kessel, Clare; Roy, Helen E.",JOURNAL OF BIOGEOGRAPHY,42,3,10.1111/jbi.12423,2015
Using eDNA to develop a national citizen science-based monitoring programme for the great crested newt (Triturus cristatus),"Biggs, Jeremy; Ewald, Naomi; Valentini, Alice; Gaboriaud, Coline; Dejean, Tony; Griffiths, Richard A.; Foster, Jim; Wilkinson, John W.; Arnell, Andy; Brotherton, Peter; Williams, Penny; Dunn, Francesca",BIOLOGICAL CONSERVATION,183,NA,10.1016/j.biocon.2014.11.029,2015
Citizen science for policy development: The case of koala management in South Australia,"Hollow, Bianca; Roetman, Philip E. J.; Walter, Michele; Daniels, Christopher B.",ENVIRONMENTAL SCIENCE & POLICY,47,NA,10.1016/j.envsci.2014.10.007,2015
Aberrant amygdala intrinsic functional connectivity distinguishes youths with bipolar disorder from those with severe mood dysregulation,"Stoddard, Joel; Hsu, Derek; Reynolds, Richard C.; Brotman, Melissa A.; Ernst, Monique; Pine, Daniel S.; Leibenluft, Ellen; Dickstein, Daniel P.",PSYCHIATRY RESEARCH-NEUROIMAGING,231,2,10.1016/j.pscychresns.2014.11.006,2015
Citizen science reveals trends in bat populations: The National Bat Monitoring Programme in Great Britain,"Barlow, K. E.; Briggs, P. A.; Haysom, K. A.; Hutson, A. M.; Lechiara, N. L.; Racey, P. A.; Walsh, A. L.; Langton, S. D.",BIOLOGICAL CONSERVATION,182,NA,10.1016/j.biocon.2014.11.022,2015
Individuals with high bone mass have an increased prevalence of radiographic knee osteoarthritis,"Hardcastle, S. A.; Dieppe, P.; Gregson, C. L.; Arden, N. K.; Spector, T. D.; Hart, D. J.; Edwards, M. H.; Dennison, E. M.; Cooper, C.; Sayers, A.; Williams, M.; Smith, G. Davey; Tobias, J. H.",BONE,71,NA,10.1016/j.bone.2014.10.015,2015
CheckMATE: Confronting your favourite new physics model with LHC data,"Drees, Manuel; Dreiner, Herbert K.; Kim, Jong Soo; Schmeier, Daniel; Tattersall, Jamie",COMPUTER PHYSICS COMMUNICATIONS,187,NA,10.1016/j.cpc.2014.10.018,2015
"Citizen science in action-Evidence for long-term, region-wide House Sparrow declines in Flanders, Belgium","De Coster, Greet; De Laet, Jenny; Vangestel, Carl; Adriaensen, Frank; Lens, Luc",LANDSCAPE AND URBAN PLANNING,134,NA,10.1016/j.landurbplan.2014.10.020,2015
The impact of changing habitat availability on population trends of woodland birds associated with early successional plantation woodland,"Burgess, Malcolm D.; Bellamy, Paul E.; Gillings, Simon; Noble, David G.; Grice, Philip V.; Conway, Greg J.",BIRD STUDY,62,1,10.1080/00063657.2014.998622,2015
Conceptualizing Practical Aspects of Public Library Initiatives Provides a Useful Model for Future Research,"Sharun, Sara",EVIDENCE BASED LIBRARY AND INFORMATION PRACTICE,10,4,10.18438/B82885,2015
Managing virtual machines with Vac and Vcycle,"McNab, A.; Love, P.; MacMahon, E.",Journal of Physics Conference Series,664,NA,10.1088/1742-6596/664/2/022031,2015
Diaspora engagement of African migrant health workers - examples from five destination countries,"Wojczewski, Silvia; Poppe, Annelien; Hoffmann, Kathryn; Peersman, Wim; Nkomazana, Oathokwa; Pentz, Stephen; Kutalek, Ruth",GLOBAL HEALTH ACTION,8,NA,10.3402/gha.v8.29210,2015
Advances in understanding mineral dust and boundary layer processes over the Sahara from Fennec aircraft observations,"Ryder, C. L.; McQuaid, J. B.; Flamant, C.; Rosenberg, P. D.; Washington, R.; Brindley, H. E.; Highwood, E. J.; Marsham, J. H.; Parker, D. J.; Todd, M. C.; Banks, J. R.; Brooke, J. K.; Engelstaedter, S.; Estelles, V.; Formenti, P.; Garcia-Carreras, L.; Kocha, C.; Marenco, F.; Sodemann, H.; Allen, C. J. T.; Bourdon, A.; Bart, M.; Cavazos-Guerra, C.; Chevaillier, S.; Crosier, J.; Darbyshire, E.; Dean, A. R.; Dorsey, J. R.; Kent, J.; O'Sullivan, D.; Schepanski, K.; Szpek, K.; Trembath, J.; Woolley, A.",ATMOSPHERIC CHEMISTRY AND PHYSICS,15,14,10.5194/acp-15-8479-2015,2015
CHANGE AND CAUSES OF CHANGE IN THE VASCULAR PLANT FLORA OF IRELAND: 1970-1999,"McCollin, Duncan; Geraghty, Eva",BIOLOGY AND ENVIRONMENT-PROCEEDINGS OF THE ROYAL IRISH ACADEMY,115B,1,10.3318/BIOE.2015.08,2015
How much effort is enough? The power of citizen science to monitor trends in coastal cetacean species,"Embling, C. B.; Walters, A. E. M.; Dolman, S. J.",GLOBAL ECOLOGY AND CONSERVATION,3,NA,10.1016/j.gecco.2015.04.003,2015
PARTICIPATION IN CITIZEN SCIENCE: DRIVERS AND BARRIERS FOR SHARING PERSONALLY-COLLECTED WEATHER DATA VIA WEB-PLATFORMS,"Gharesifard, Mohammad; Wehn, Uta","PROCEEDINGS OF THE INTERNATIONAL CONFERENCES ON ICT, SOCIETY AND HUMAN BEINGS 2015, WEB BASED COMMUNITIES AND SOCIAL MEDIA 2015 AND CONNECTED SMART CITIES 2015",NA,NA,NA,2015
Effects of habitat on breeding success in a declining migrant songbird: the case of Pied Flycatcher Ficedula hypoleuca,"Goodenough, Anne E.",ACTA ORNITHOLOGICA,49,2,10.3161/173484714X687046,2014
RNA sequencing reveals high resolution expression change of major plant hormone pathway genes after young seedless grape berries treated with gibberellin,"Chai, Lijuan; Li, Yanmei; Chen, Shangwu; Perl, Avihai; Zhao, Fengxia; Ma, Huiqin",PLANT SCIENCE,229,NA,10.1016/j.plantsci.2014.09.010,2014
Cnidaria in UK coastal waters: description of spatio-temporal patterns and inter-annual variability,"Pikesley, Stephen K.; Godley, Brendan J.; Ranger, Sue; Richardson, Peter B.; Witt, Matthew J.",JOURNAL OF THE MARINE BIOLOGICAL ASSOCIATION OF THE UNITED KINGDOM,94,7,10.1017/S0025315414000137,2014
A 4D neonatal head model for diffuse optical imaging of pre-term to term infants,"Brigadoi, Sabrina; Aljabar, Paul; Kuklisova-Murgasova, Maria; Arridge, Simon R.; Cooper, Robert J.",NEUROIMAGE,100,NA,10.1016/j.neuroimage.2014.06.028,2014
"Evidence for contrasting causes of population change in two closely related, sympatric breeding species the Whinchat Saxicola rubetra and Stonechat Saxicola torquata in Britain","Henderson, Ian; Calladine, John; Massimino, Dario; Taylor, Jennifer A.; Gillings, Simon",BIRD STUDY,61,4,10.1080/00063657.2014.962482,2014
How dear are deer volunteers: the efficiency of monitoring deer using teams of volunteers to conduct pellet group counts,"Buesching, Christina D.; Newman, Chris; Macdonald, David W.",ORYX,48,4,10.1017/S0030605313000227,2014
Controlling invasive species by empowering environmental stakeholders: ecotourism boat operators as potential guardians of wildlife against the invasive American mink,"Fraser, Elaine J.; Macdonald, David W.; Bryce, Rosalind; Lambin, Xavier",ORYX,48,4,10.1017/S003060531300046X,2014
The role of sustained observations in tracking impacts of environmental change on marine biodiversity and ecosystems,"Mieszkowska, N.; Sugden, H.; Firth, L. B.; Hawkins, S. J.",PHILOSOPHICAL TRANSACTIONS OF THE ROYAL SOCIETY A-MATHEMATICAL PHYSICAL AND ENGINEERING SCIENCES,372,2025,10.1098/rsta.2013.0339,2014
Automated delineation of brain structures in patients undergoing radiotherapy for primary brain tumors: From atlas to dose-volume histograms,"Conson, Manuel; Cella, Laura; Pacelli, Roberto; Comerci, Marco; Liuzzi, Raffaele; Salvatore, Marco; Quarantelli, Mario",RADIOTHERAPY AND ONCOLOGY,112,3,10.1016/j.radonc.2014.06.006,2014
ALIEN DATABASES: ADDRESSING THE LACK IN ESTABLISHMENT OF NON-NATIVES DATABASES,"James, J.; Slater, F.; Cable, J.",CRUSTACEANA,87,10,10.1163/15685403-00003329,2014
Using opportunistic photo-identifications to detect a population decline of killer whales (Orcinus orca) in British and Irish waters,"Beck, Suzanne; Foote, Andrew D.; Koetter, Sandra; Harries, Olivia; Mandleberg, Laura; Stevick, Peter T.; Whooley, Padraig; Durban, John W.",JOURNAL OF THE MARINE BIOLOGICAL ASSOCIATION OF THE UNITED KINGDOM,94,6,10.1017/S0025315413001124,2014
Difficulties in distinguishing between an atlas fracture and a congenital posterior atlas arch defect in postmortem analysis,"Sanchis-Gimeno, Juan A.; Blanco-Perez, Esther; Aparicio, Luis; Martinez-Soriano, Francisco; Martinez-Sanjuan, Vicente",FORENSIC SCIENCE INTERNATIONAL,242,NA,10.1016/j.forsciint.2014.06.016,2014
Conceptualising time before surgery: The experience of patients waiting for hip replacement,"Johnson, Emma C.; Horvvood, Jeremy; Gooberman-Hill, Rachael",SOCIAL SCIENCE & MEDICINE,116,NA,10.1016/j.socscimed.2014.06.037,2014
Can trait-based analyses of changes in species distribution be transferred to new geographic areas?,"Powney, Gary D.; Preston, Christopher D.; Purvis, Andy; Van Landuyt, Wouter; Roy, David B.",GLOBAL ECOLOGY AND BIOGEOGRAPHY,23,9,10.1111/geb.12189,2014
John Wood 2: Planning and Paying for His Town Plans,"Robson, Brian",CARTOGRAPHIC JOURNAL,51,3,10.1179/1743277414Y.0000000081,2014
Long-term changes to the frequency of occurrence of British moths are consistent with opposing and synergistic effects of climate and land-use changes,"Fox, Richard; Oliver, Tom H.; Harrower, Colin; Parsons, Mark S.; Thomas, Chris D.; Roy, David B.",JOURNAL OF APPLIED ECOLOGY,51,4,10.1111/1365-2664.12256,2014
Quantifying range-wide variation in population trends from local abundance surveys and widespread opportunistic occurrence records,"Pagel, Joern; Anderson, Barbara J.; O'Hara, Robert B.; Cramer, Wolfgang; Fox, Richard; Jeltsch, Florian; Roy, David B.; Thomas, Chris D.; Schurr, Frank M.",METHODS IN ECOLOGY AND EVOLUTION,5,8,10.1111/2041-210X.12221,2014
The polar auxin transport inhibitor TIBA inhibits endoreduplication in dark grown spinach hypocotyls,"Amijima, Makoto; Iwata, Yuji; Koizumi, Nozomu; Mishiba, Kei-ichiro",PLANT SCIENCE,225,NA,10.1016/j.plantsci.2014.05.007,2014
The role of citizen science in monitoring biodiversity in Ireland,"Donnelly, Alison; Crowe, Olivia; Regan, Eugenie; Begley, Sinead; Caffarra, Amelia",INTERNATIONAL JOURNAL OF BIOMETEOROLOGY,58,6,10.1007/s00484-013-0717-0,2014
MBIS: Multivariate Bayesian Image Segmentation tool,"Esteban, Oscar; Wollny, Gert; Gorthi, Subrahmanyam; Ledesma-Carbayo, Maria-J.; Thiran, Jean-Philippe; Santos, Andres; Bach-Cuadra, Meritxell",COMPUTER METHODS AND PROGRAMS IN BIOMEDICINE,115,2,10.1016/j.cmpb.2014.03.003,2014
Genome-wide schizophrenia variant at MIR137 does not impact white matter microstructure in healthy participants,"Kelly, Sinead; Morris, Derek W.; Mothersill, Omar; Rose, Emma Jane; Fahey, Ciara; O'Brien, Carol; O'Hanlon, Erik; Gill, Michael; Corvin, Aiden P.; Donohoe, Gary",NEUROSCIENCE LETTERS,574,NA,10.1016/j.neulet.2014.05.002,2014
How to deal with petabytes of data: the LHC Grid project,"Britton, D.; Lloyd, S. L.",REPORTS ON PROGRESS IN PHYSICS,77,6,10.1088/0034-4885/77/6/065902,2014
Monitoring abundance and phenology in (multivoltine) butterfly species: a novel mixture model,"Matechou, Eleni; Dennis, Emily B.; Freeman, Stephen N.; Brereton, Tom",JOURNAL OF APPLIED ECOLOGY,51,3,10.1111/1365-2664.12208,2014
Mapping the diversity of regulating ecosystem services in European cities,"Larondelle, Neele; Haase, Dagmar; Kabisch, Nadja",GLOBAL ENVIRONMENTAL CHANGE-HUMAN AND POLICY DIMENSIONS,26,NA,10.1016/j.gloenvcha.2014.04.008,2014
Barriers to sexual and reproductive health care among widows in Nepal,"Haviland, Miriam J.; Shrestha, Abina; Decker, Michele R.; Kohrt, Brandon A.; Kafle, Hari Maya; Lohani, Srijana; Thapa, Lily; Surkan, Pamela J.",INTERNATIONAL JOURNAL OF GYNECOLOGY & OBSTETRICS,125,2,10.1016/j.ijgo.2013.10.021,2014
Challenges involved in measuring intake in early life: focus on methods,"Foster, Emma; Adamson, Ashley",PROCEEDINGS OF THE NUTRITION SOCIETY,73,2,10.1017/S0029665114000020,2014
Lack of association of the rs1344706 ZNF804A variant with cognitive functions and DTI indices of white matter microstructure in two independent healthy populations,"Fernandes, Carla Patricia Duarte; Westlye, Lars Tjelta; Giddaluru, Sudheer; Christoforou, Andrea; Kauppi, Karolina; Adolfsson, Rolf; Nilsson, Lars-Goran; Nyberg, Lars; Lundervold, Astri Johansen; Reinvang, Ivar; Steen, Vidar Martin; Le Hellard, Stephanie; Espeseth, Thomas",PSYCHIATRY RESEARCH-NEUROIMAGING,222,1-2,10.1016/j.pscychresns.2014.02.009,2014
Atlas aims to show possible environmental effects on UK health,"Hawkes, Nigel",BMJ-BRITISH MEDICAL JOURNAL,348,NA,10.1136/bmj.g2948,2014
"Additional language education and language development goals: the example of Gaelic (learners) education in Highland Council, Scotland","Dombrowski, Lindsay Milligan",BRITISH EDUCATIONAL RESEARCH JOURNAL,40,2,10.1002/berj.3040,2014
Quantifying variation among garden plants in attractiveness to bees and other flower-visiting insects,"Garbuzov, Mihail; Ratnieks, Francis L. W.",FUNCTIONAL ECOLOGY,28,2,10.1111/1365-2435.12178,2014
Referential framework for transcranial anatomical correspondence for fNIRS based on manually traced sulci and gyri of an infant brain,"Matsui, Mie; Homae, Fumitaka; Tsuzuki, Daisuke; Watanabe, Hama; Katagiri, Masatoshi; Uda, Satoshi; Nakashima, Mitsuhiro; Dan, Ippeita; Taga, Gentaro",NEUROSCIENCE RESEARCH,80,NA,10.1016/j.neures.2014.01.003,2014
"A History of Collaboration, a Future in Crowdsourcing: Positive Impacts of Cooperation on British Librarianship","Ellis, Sally",LIBRI,64,1,10.1515/libri-2014-0001,2014
"Segmentation of abdominal organs from CT using a multi-level, hierarchical neural network strategy","Selver, M. Alper",COMPUTER METHODS AND PROGRAMS IN BIOMEDICINE,113,3,10.1016/j.cmpb.2013.12.008,2014
Diabetes in the young - a global view and worldwide estimates of numbers of children with type 1 diabetes,"Patterson, Chris; Guariguata, Leonor; Dahlquist, Gisela; Soltesz, Gyula; Ogle, Graham; Silink, Martin",DIABETES RESEARCH AND CLINICAL PRACTICE,103,2,10.1016/j.diabres.2013.11.005,2014
The IDF Diabetes Atlas methodology for estimating global prevalence of hyperglycaemia in pregnancy,"Linnenkamp, U.; Guariguata, L.; Beagley, J.; Whiting, D. R.; Cho, N. H.",DIABETES RESEARCH AND CLINICAL PRACTICE,103,2,10.1016/j.diabres.2013.11.004,2014
"Fetal and infant health outcomes among immigrant mothers in Flanders, Belgium","Gillet, Evy; Saerens, Bart; Martens, Guy; Cammu, Hendrik",INTERNATIONAL JOURNAL OF GYNECOLOGY & OBSTETRICS,124,2,10.1016/j.ijgo.2013.07.031,2014
"The Success of the Horse-Chestnut Leaf-Miner, Cameraria ohridella, in the UK Revealed with Hypothesis-Led Citizen Science","Pocock, Michael J. O.; Evans, Darren M.",PLOS ONE,9,1,10.1371/journal.pone.0086226,2014
Generating population estimates for common and widespread breeding birds in Ireland,"Crowe, Olivia; Musgrove, Andy J.; O'Halloran, John",BIRD STUDY,61,1,10.1080/00063657.2013.868401,2014
Using citizen science to investigate the role of productivity in House Sparrow Passer domesticus population trends,"Morrison, Catriona A.; Robinson, Robert A.; Leech, Dave I.; Dadam, Daria; Toms, Mike P.",BIRD STUDY,61,1,10.1080/00063657.2013.874975,2014
"British School Atlases, 1880-1930: Questions of Relevance, Credibility and Authorship in the Production of Geographical Knowledge","McDougall-Waters, Julie",IMAGO MUNDI-THE INTERNATIONAL JOURNAL FOR THE HISTORY OF CARTOGRAPHY,66,1,10.1080/03085694.2014.845954,2014
"The Survey Atlas of Scotland, Designed and Prepared under the Direction of J. G. Bartholomew. Centenary Limited Edition","McDougall-Waters, Julie",IMAGO MUNDI-THE INTERNATIONAL JOURNAL FOR THE HISTORY OF CARTOGRAPHY,66,1,10.1080/03085694.2014.845990,2014
CO2 STORage Evaluation Database (CO2 Stored). The UK's online storage atlas.,"Bentham, Michelle; Mallows, Tom; Lowndes, Jonathan; Green, Andrew",Energy Procedia,63,NA,10.1016/j.egypro.2014.11.540,2014
Implementation of the EU CCS Directive in Europe: results and development in 2013,"Shogenova, Alla; Piessens, Kris; Holloway, Sam; Bentham, Michelle; Martinez, Roberto; Flornes, Kristin M.; Poulsen, Niels E.; Wojcicki, Adam; Sliaupa, Saulius; Kucharic, Ludovit; Dudu, Alexandra; Persoglia, Sergio; Hladik, Vit; Saftic, Bruno; Kvassnes, Astri; Shogenov, Kazbulat; Ivask, Jueri; Suarez, Isabel; Sava, Constantin; Anghel, Sorin; Chikkatur, Ananth",Energy Procedia,63,NA,10.1016/j.egypro.2014.11.700,2014
What's Welsh for 'Crowdsourcing'? Citizen Science and Community Engagement at the National Library of Wales,"Dafis, Lyn Lewis; Hughes, Lorna M.; James, Rhian",Digital Research in the Arts and Humanities,NA,NA,NA,2014
"ANATOMY OF COLYMBOSAURUS MEGADEIRUS (REPTILIA, PLESIOSAURIA) FROM THE KIMMERIDGE CLAY FORMATION OF THE UK, AND HIGH DIVERSITY AMONG LATE JURASSIC PLESIOSAUROIDS","Benson, Roger B. J.; Bowdler, Timothy",JOURNAL OF VERTEBRATE PALEONTOLOGY,34,5,10.1080/02724634.2014.850087,2014
Field Testing a Rare Species Bioacoustic Smartphone Application: Challenges and Future Considerations,"Pantidi, Nadia; Moran, Stuart; Bachour, Khaled; Rodden, Tom; Zilli, Davide; Merrett, Geoff; Rogers, Alex",International Conference on Pervasive Computing and Communications,NA,NA,NA,2014
Numbers of wintering waterbirds in the Czech Republic: long-term and spatial-scale approaches to assess population size,"Musilova, Zuzana; Musil, Petr; Zouhar, Jan; Bejcek, Vladimir; Stastny, Karel; Hudec, Karel",BIRD STUDY,61,3,10.1080/00063657.2014.919573,2014
Biological conservation of aquatic inland habitats: these are better days,"Winfield, Ian J.",JOURNAL OF LIMNOLOGY,73,NA,10.4081/jlimnol.2014.795,2014
Locating species range frontiers: a cost and efficiency comparison of citizen science and hair-tube survey methods for use in tracking an invasive squirrel,"Goldstein, Emily A.; Lawton, Colin; Sheehy, Emma; Butler, Fidelma",WILDLIFE RESEARCH,41,1,10.1071/WR13197,2014
The European Bioinformatics Institute's data resources 2014,"Brooksbank, Catherine; Bergman, Mary Todd; Apweiler, Rolf; Birney, Ewan; Thornton, Janet",NUCLEIC ACIDS RESEARCH,42,D1,10.1093/nar/gkt1206,2014
The Catalytic Site Atlas 2.0: cataloging catalytic sites and residues identified in enzymes,"Furnham, Nicholas; Holliday, Gemma L.; de Beer, Tjaart A. P.; Jacobsen, Julius O. B.; Pearson, William R.; Thornton, Janet M.",NUCLEIC ACIDS RESEARCH,42,D1,10.1093/nar/gkt1243,2014
Developing an interactive portion size assessment system (IPSAS) for use with children,"Foster, E.; Hawkins, A.; Simpson, E.; Adamson, A. J.",JOURNAL OF HUMAN NUTRITION AND DIETETICS,27,NA,10.1111/jhn.12127,2014
From data to decisions? Exploring how healthcare payers respond to the NHS Atlas of Variation in Healthcare in England,"Schang, Laura; Morton, Alec; DaSilva, Philip; Bevan, Gwyn",HEALTH POLICY,114,1,10.1016/j.healthpol.2013.04.014,2014
An operational biogeochemical model of the North-East Atlantic: Model description and skill assessment,"Dabrowski, Tomasz; Lyons, Kieran; Berry, Alan; Cusack, Caroline; Nolan, Glenn D.",JOURNAL OF MARINE SYSTEMS,129,NA,10.1016/j.jmarsys.2013.08.001,2014
