link,inclusion order,title,qualifies,authors,publication,doi,year,,keywords,institution of first author,institution of last author,author associated with proximate data provider,proximate data source,country of study,spatial extent of study,start year,end year,,methodology development or analysis,individual species analysis,community analysis,compiled individual species analysis,,species richness,diversity,distribution,abundance,phenology,trends over time,testing macro or ecological theory,testing spatial bias correction,testing other data quality correction,policy focus,alien species focus,,taxonomic group,entire taxonomic group analyzed,,spatial bias mentioned,spatial bias corrected for,observer variability mentioned,,biological records as response variable,biological records as predictor variable,biological records in facilitative role but not analyzed,,data type – what where when only,data type – detection / non-detection,data type – abundance,data type – sampling effort reported,data type – organized data collection scheme,data type – visit specific covariates,data type – multiple datasets integrated for analysis,data type – life stage,data type – museum,data type – photo,data type – audio,data type – video,data type – gridded,grid resolution,,predictor variables,,results type – hypothesis testing,results type – inference,results type – prediction,results type – descriptive only,,non-detection inferred using taxonomic group,analysis method,,testing using simulation,testing using training data,testing using data subset,testing using independent dataset,cross validation,(if prediction used) prediction performance measure,,voucher of some kind necessary for analysis,,coding DONE,other notes,aspects not yet coded,eligible for meta- or publication bias analysis,wg needs to read
https://search.proquest.com/docview/2002427411?accountid=14507,3,The sensitivity of breeding songbirds to changes in seasonal timing is linked to population change but cannot be directly attributed to the effects of trophic asynchrony on productivity,TRUE,"Franks, SE; Pearce-Higgins, JW; Atkinson, S; Bell, JR; Botham, MS; Brereton, TM; Harrington, R; Leech, DI",Global Change Biology,10.1111/gcb.13960,2018,,citizen science; climate change; demography; migration; mismatch hypothesis; phenology; population change; trophic asynchrony,British Trust for Ornithology,British Trust for Ornithology,T,BTO,UK,not stated,1983,2010,,F,T,F,T,,F,F,F,T,T,T,T,F,F,F,F,,plants; invertebrates; birds; aphids; moths; butterflies,F,,F,F,F,,T,F,F,,F,T,T,T,T,F,T,T,F,F,F,F,F,NA,,temperature; precipitation; migratory strategy; relative phenology asynchrony,,T,T,F,F,,F,GLM; GLMM,,F,T,F,F,F,NA,,F,,T,Very cool study!  Lots to return to and consider here.  Relevant to Pt Abbaye project.,,T,
https://link.springer.com/article/10.1007/s10531-017-1479-5,7,Essential biodiversity variables are not global,TRUE,"Peterson, AT; Soberon, J",Biodiversity and Conservation,10.1007/s10531-017-1479-5,2018,,essential biodiversity variables; ecosystem services; genetic composition; populations; traits; community composition; primary biodiversity data,The University of Kansas,The University of Kansas,FALSE,GBIF; others,global,global,not stated,not stated,,F,F,F,F,,F,F,F,F,F,F,F,F,F,T,F,,all,T,,T,F,F,,F,F,T,,F,F,F,F,F,F,T,F,F,F,F,F,F,F,,NA,,F,F,F,T,,F,maps,,F,F,F,F,F,NA,,F,,T,description of data available for biodiversity reporting guidelines,,F,
https://www.sciencedirect.com/science/article/pii/S0006320717308030,38,Missing native oyster (Ostrea edulis L.) beds in a European Marine Protected Area: Should there be widespread restorative management?,TRUE,"Farinas-Franco, JM; Pearce, B; Mair, JM; Harries, DB; MacPherson, RC; Porter, JS; Reimer, PF; Sanderson, WG",Biological Conservation,10.1016/j.biocon.2018.03.010,2018,,oyster; Ostrea edulis; conservation management; MPA; baseline; restoration,Heriot-Watt University; National University of Ireland Galway,Heriot-Watt University; St. Abbs Marine Station,F,NBN; Marlin; MEDIN; UK Marine Recorder,UK,12273 ha,-8000,2015,,F,T,F,F,,F,F,T,F,F,T,F,F,F,T,F,,oyster,T,,F,F,F,,T,F,F,,F,F,F,F,F,F,T,F,T,F,F,F,F,NA,,NA,,F,F,F,T,,F,map,,F,F,F,F,F,NA,,F,,T,,,F,
https://search.proquest.com/docview/1993009016?accountid=14507,45,Species identification by conservation practitioners using online images: accuracy and agreement between experts.,FALSE,"Austen, GE; Bindemann, M; Griffiths, RA; Roberts, DL",PeerJ,10.7717/peerj.4157,2018,,biodiversity; conservation biology; ecology; natural resource management; citizen science; invasive species; newts; jizz; validation; ecological monitoring; species observations; crowdsourced images; validation,University of Kent,University of Kent,F,many,UK,NA,NA,NA,,T,F,F,F,,F,F,F,F,F,F,F,F,F,F,F,,newts,T,,F,F,T,,F,F,T,,F,F,F,F,F,F,F,F,F,T,F,F,F,NA,,NA,,F,T,F,F,,F,ANOVA; correlation,,F,T,F,F,F,NA,,T,,T,"testing methods for citizen science data, but not really analyzing the data directly",,F,
https://search.proquest.com/docview/2019972726?accountid=14507,53,Global mapping of potential natural vegetation: an assessment of Machine Learning algorithms for estimating land potential,TRUE,"Hengl, T; Walsh, MG; Sanderman, J; Wheeler, I; Harrison, SP; Prentice, IC",PeerJ Preprints,10.7287/peerj.preprints.26811v1,2018,,NA,Envirometrix Ltd,Imperial College London,F,GBIF; BIOME; EU Forest,global,not stated,not stated,not stated,,T,F,T,F,,F,F,T,F,F,F,F,F,F,F,F,,trees; plants,T,,T,T,F,,T,F,F,,T,F,F,F,T,F,T,F,F,F,F,F,T,1 km,,many (160 predictors used),,F,F,T,F,,F,neural networks; random forest; generalized boosted regression models; K-nearest neighbors,,F,T,T,F,T,map purity; kappa; TPR; AUC; scaled Shannon entropy index,,F,,T,,,T,
https://www.scopus.com/inward/record.uri?eid=2-s2.0-85045056948&doi=10.1007%2fs10841-018-0052-1&partnerID=40&md5=5173c71df4164829d9018143c5c3adfc,60,A role for artificial night-time lighting in long-term changes in populations of 100 widespread macro-moths in UK and Ireland: a citizen-science study,TRUE,"Wilson, JF; Baker, D; Cheney, J; Cook, M; Ellis, M; Freestone, R; Gardner, D; Geen, G; Hemming, R; Hodgers, D; Howarth, S; Jupp, A; Lowe, N; Orridge, S; Shaw, M; Smith, B; Turner, A; Young, H",JOURNAL OF INSECT CONSERVATION,10.1007/s10841-018-0052-1,2018,,Lepidoptera; abundance; light pollution; land-use; northern range boundary,UK and Ireland Garden Moth Scheme,UK and Ireland Garden Moth Scheme,T,UK and Ireland Garden Moth Scheme,UK; Ireland,not stated,2005,2015,,F,T,F,T,,F,F,F,T,F,F,F,F,F,F,F,,moths,F,,F,F,T,,T,F,F,,F,T,T,T,T,F,F,F,F,F,F,F,T,100 m,,land cover; night time lighting; geographic location,,T,T,F,F,,F,Tukey test; GLM,,F,T,F,F,F,NA,,F,,T,,,T,
https://www.scopus.com/inward/record.uri?eid=2-s2.0-85030456712&doi=10.1111%2fecog.03140&partnerID=40&md5=77f06550c18b9822d7961ff92a43f479,69,The spatial distribution and environmental triggers of ant mating flights: using citizen-science data to reveal national patterns,TRUE,"Hart, AG; Hesselberg, T; Nesbit, R; Goodenough, AE",Ecography,10.1111/ecog.03140,2018,,NA,University of Gloucestershire,University of Gloucestershire,T,author-run online platform,UK,not stated,2012,2014,,F,T,T,F,,F,F,T,F,T,F,F,F,F,F,F,,ants,T,,F,T,T,,T,F,F,,F,F,F,F,T,T,F,F,F,F,F,F,F,NA,,latitude; longitude; habitat; day of year; temperature; wind speed; temperature trend; barometric pressure; wind speed trend,,T,T,F,F,,F,GLMM,,F,T,F,F,F,NA,,T,,T,,,T,
http://journals.plos.org/plosone/article?id=10.1371/journal.pone.0191021,96,Changes in the geographical distribution of plant species and climatic variables on the West Cornwall peninsula (South West UK),TRUE,"Kosanic, A; Anderson, K; Harrison, S; Turkington, T; Bennie, J",PlosOne,10.1371/journal.pone.0191021,2018,,geographic distribution; plants; historical geography; climate change; biodiversity; environmental geography; vascular plants; phylogeography,University of Exeter; University of Konstanz,University of Exeter,F,NBN,UK,not stated,1700,2018,,T,T,F,T,,F,F,T,F,F,T,F,F,F,F,F,,plants,F,,T,F,T,,T,F,F,,F,F,F,F,F,F,T,F,T,F,F,F,T,10 km,,Ellenberg values,,T,T,F,F,,T,Mann-Whitney U test; GLM,,F,T,F,F,F,NA,,F,,T,,,T,
http://journals.plos.org/ploscompbiol/article?id=10.1371/journal.pcbi.1005995,99,Bat detective—Deep learning tools for bat acoustic signal detection,FALSE,"Mac Aodha, O; Gibb, R; Barlow, KE; Browning, E; Firman, M; Freeman, R; Harder, B; Kinsey, L; Mead GR; Newson, SE; Pandourski, I; Parsons, S; Russ, J; Szodoray-Paradi, A; Szodoray-Paradi, F; Tilova, E; Girolami, M; Brostow, G; Jones, KE",PLOS Computational Biology,10.1371/journal.pcbi.1005995,2018,,NA,University College London,University College London; Zoological Society of London,T,iBat,UK,not stated,2005,2011,,T,F,F,F,,F,F,F,F,F,F,F,F,F,F,F,,bats,T,,T,T,T,,F,F,T,,F,T,F,T,T,F,F,F,F,F,T,F,F,NA,,NA,,F,T,T,F,,F,Convolutional Neural Network Detection,,F,F,T,T,F,precision; recall; interpolated average precision-recall curve,,T,,T,not analysing a species but rather using bio recs to develop new methods for automated identification.  I consider this relevant as it is a study using biological records to develop methods for use with biological records.  Ok just changed my mind.  It’s not asking a question about biota.  I want uses of bio recs data for analyzing stuff about the world.,,?,
https://search.proquest.com/docview/1980862738?accountid=14507,103,The interplay of climate and land use change affects the distribution of EU bumblebees,TRUE,"Marshall, L; Biesmeijer, JC; Rasmont, P; Vereecken, NJ; Dvorak, L; Fitzpatrick, U; Francis, F; Neumayer, J; Odegaard, F; Paukkunen, Juho P T; Pawlikowski, T; Reemer, M; Roberts, SPM; Straka, J; Vray, S; Dendoncker, N",Global Change Biology,10.1111/gcb.13867,2018,,biodiversity loss; dynamic; future; land use change scenarios; pollinators; projections; species distribution models (SDMs); wild bees,University of Namur; Naturalis Biodiversity Center,University of Namur,T,Atlas Hymenoptera,many,not stated,1970,2000,,F,T,F,T,,F,F,T,F,F,T,F,F,F,F,F,,bumblebees,F,,T,T,F,,T,F,F,,T,F,F,F,F,F,T,F,F,F,F,F,T,1 km,,total annual growing degree-days; annual water balance; precipitation of wettest month; mean diurnal temperature range; annual temperature range; land cover / land use,,T,T,T,F,,T,SDM; ensemble modeling; biomod2; GLM; generalized boosted model; Maxent,,F,F,T,F,T,AUC,,F,,T,Could be relevant for me to read in more depth at some point.,,T,
"http://www.mayococo.ie/en/media/Media,30002,en.pdf",124,Ballinrobe Biodiversity Management Plan. Report prepared for Mayo County Council,TRUE,"Smith, GF; D’Arcy, D",NA,NA,2018,,NA,Blackthorn Ecology,Blackthorn Ecology,F,NBDC,Ireland,not stated,not stated,not stated,,F,F,F,F,,F,F,F,F,F,F,F,F,F,T,F,,all,F,,F,F,F,,F,F,T,,T,F,F,F,F,F,T,F,F,F,F,F,F,F,,NA,,F,F,F,T,,F,NA,,F,F,F,F,F,NA,,F,,T,,,F,
https://www.sciencedirect.com/science/article/pii/S1470160X18303443,125,Prior specification in Bayesian occupancy modelling improves analysis of species occurrence data,TRUE,"Outhwaite, CL; Chandler, RE; Powney, GD; Collen, B; Gregory, RD; Isaac, NJB",Ecological Indicators,10.1016/j.ecolind.2018.05.010,2018,,biodiversity indicator; Bayesian occupancy model; multi-species indicator; priors; species occurrence; biological records; biodiversity targets,Centre for Ecology & Hydrology; University College London; RSPB,Centre for Ecology & Hydrology; University College London,F,Bees Wasps and Ants Recording Society,UK,Great Britain & Northern Ireland,1970,2017,,T,T,F,F,,F,F,F,F,F,T,F,F,T,T,F,,ants,F,,T,T,F,,T,F,F,,T,F,F,F,F,F,F,F,F,F,F,F,T,1 km,,time,,F,T,F,F,,T,occupancy model,,T,F,F,F,F,NA,,F,,T,"Analyzed occupancy probability, but not specific to any one site – just for entire UK.  So not really distribution.",,T,T
NA,131,British phenological records indicate high diversity and extinction rates among late-summer-flying pollinators,TRUE,"Balfour, NJ; Ollerton, J; Castellanos, MC; Ratnieks, FLW",Biological Conservation,10.1016/j.biocon.2018.04.028,2018,,endangered species; extinctions; flowers; flower visitors; foraging resources; phenology; pollinators; seasonality,University of Sussex,University of Sussex,F,UK Butterfly Monitoring Scheme; Bees Wasps and Ants Recording Society; Hoverfly Recording Scheme; GBIF ,UK,not stated,not stated,not stated,,F,F,T,F,,T,F,F,F,T,F,F,F,F,F,F,,wasps; bees; butterflies; hoverflies,F,,F,F,T,,T,F,F,,T,F,F,F,T,F,T,F,F,F,F,F,T,10 km,,month; conservation status,,T,F,F,F,,F,Chi-square analysis,,F,T,F,F,F,NA,,F,,T,,,T,
https://onlinelibrary.wiley.com/doi/abs/10.1111/geb.12742,137,Ocean current connectivity propelling the secondary spread of a marine invasive comb jelly across western Eurasia,TRUE,"Jaspers, C; Huwer, B; Antajan, E; Hosia, A; Hinrichsen, HH; Biastoch, A; Angel, D; Asmus, R; Augustin, C; Bagheri, S; Beggs, SE; Balsby, TJS; Boersma, M; Bonnet, D; Christensen, JT; Danhardt, A; Delpy, F; Falkenhaug, T; Finenko, G; Fleming, NEC; Fuentes, V; Galil, B; Gittenberger, A; Griffin, DC; Haslob, H; Javidpour, J; Kamburska, L; Kube, S; Langenberg, VT; Lehtiniemi, M; Lombard, F; Malzahn, A; Marambio, M; Mihneva, V; Moller, LF; Niermann, U; Okyar, MI; Ozdemir, ZB; Pitois, S; Reusch, TBH; Robbens, J; Stefanova, K; Thibault, D; van der Veer, HW; Vansteenbrugge, L; van Walraven, L; Wozniczka, A",Global Ecology and Biogeography,10.1111/geb.12742,2018,,biological invasions; gelatinous zooplankton; invasion corridors; invasive species; jellyfish; marine connectivity; Mnemiopsis leidyi; range expansion; source populations; source-sink dynamics,Technical University of Denmark; Helmholtz Centre for Ocean Research,National Marine Fisheries Research Institute Gdynia Poland,T,many,many,Western Eurasia,1982,2016,,F,T,F,F,,F,F,T,F,F,T,F,F,F,F,T,,jellyfish,F,,F,F,F,,T,F,F,,F,T,F,F,F,F,T,F,F,F,F,F,F,NA,,ocean currents,,F,F,F,T,,F,map,,F,F,F,F,F,NA,,F,,T,Coded only the analysis that used the bio recs data which is the analysis of distribution compared to currents.  The data used for the other analyses in this paper came from dedicated study sites and the bio recs data were not used at all for those analyses.  ,,F,
https://search.proquest.com/docview/2010299601?accountid=14507,146,Population variability in species can be deduced from opportunistic citizen science records: a case study using British butterflies,TRUE,"Mason, SC; Hill, JK; Thomas, CD; Powney, GD; Fox, R; Brereton, T; Oliver, TH",Insect Conservatin and Diversity,10.1111/icad.12242,2018,,abundance; biogeography; biological records; inter-annual variation; population size; range extent,Centre for Ecology & Hydrology; University of York,University of Reading,T,Butterflies for the New Millennium; UK Butterfly Monitoring Scheme,UK,30280 square km,1976,2012,,T,T,F,T,,F,F,T,T,F,T,T,F,F,F,F,,butterflies,F,,T,F,T,,T,T,F,,F,F,T,F,T,F,T,F,F,F,F,F,T,10 km,,phylogeny; dispersal ability; fractal dimension,,T,T,F,F,,F,PGLS; linear regression,,F,T,T,T,F,NA,,F,,T,,,T,T
https://www.researchgate.net/profile/Jolyon_Medlock/publication/322922070_Surveillance_of_British_ticks_An_overview_of_species_records_host_associations_and_new_records_of_Ixodes_ricinus_distribution/links/5a9ea06d0f7e9b80dfb4e6cf/Surveillance-of-British-ticks-An-overview-of-species-records-host-associations-and-new-records-of-Ixodes-ricinus-distribution.pdf,176,"Surveillance of British ticks: An overview of species records, host associations, and new records of Ixodes ricinus distribution",TRUE,"Cull, B; Pietzsch, ME; Hansford, KM; Gillingham, EL; Medlock, JM",Ticks and Tick-borne Diseases,10.1016/j.ttbdis.2018.01.011,2018,,surveillance; Ixodes ricinus; distribution; tick; United Kingdom; endemic; imported,Public Health England,Public Health England; Health Protection Research Unit in Environment and Health; Health Protection Research Unit in Emerging and Zoonotic Infections,T,Tick Surveillance Scheme,UK,not stated,2010,2016,,F,T,F,T,,F,F,T,F,T,T,F,F,F,F,F,,ticks,T,,T,F,T,,T,F,F,,F,F,F,F,F,T,T,T,T,F,F,F,T,10 km,,NA,,F,F,F,T,,F,map; description,,F,F,F,F,F,NA,,T,,T,,,F,
https://esajournals.onlinelibrary.wiley.com/doi/abs/10.1002/ecy.2237,191,Explaining European fungal fruiting phenology with climate variability,TRUE,"Andrew, C; Heegaard, E; Hoiland, K; Senn-Irlet, B; Kuyper, TW; Krisai-Greilhuber, I; Kirk, PM; Heilmann-Clausen, J; Gange, AC; Egli, S; Baessler, C; Buentgen, U; Boddy, L; Kauserud, H",Ecology,10.1002/ecy.2237,2018,,climate; distribution; Europe; fruit bodies; fungi; NDVI; nutritional mode; path analysis; phenology,Swiss Federal Research Institute; University of Cambridge; University of Oslo,University of Oslo,F,many,many,not stated,1970,2010,,F,F,T,F,,F,F,F,F,T,F,T,F,F,F,F,,fungi,T,,T,T,T,,T,F,F,,T,F,F,F,F,F,T,F,F,F,F,F,F,NA,,elevation; day of year; latitude; longitude; temperature; precipitation; NDVI; nutritional mode,,F,T,T,F,,F,generalized additive mixed models; path analysis,,F,T,T,F,F,NA,,F,,T,,,T,
https://www.scopus.com/inward/record.uri?eid=2-s2.0-85043761935&doi=10.13156%2farac.2017.17.7.331&partnerID=40&md5=692eb0b62ac9ffafe25146d93e9e61b0,158,Spatiotemporal Variation in House Spider Phenology at a National Scale Using Citizen Science,TRUE,"Hart, AG; Nesbit, R; Goodenough, AE",Arachnology,10.13156/arac.2017.17.7.331,2018,,arachnids; citizen science,University of Gloucestershire,University of Gloucestershire,T,Royal Society of Biology,UK,UK,2013,2014,,F,F,T,F,,F,F,F,F,T,F,F,F,F,F,F,,spiders,T,,T,F,T,,T,F,F,,F,F,F,F,F,T,F,F,F,F,F,F,F,NA,,latitude; longitude; time of day; micro habitat,,T,T,F,F,,F,chi-square test,,F,T,F,F,F,NA,,F,,T,,,T,
https://www.scopus.com/inward/record.uri?eid=2-s2.0-85046708707&doi=10.1007%2fs10530-018-1759-3&partnerID=40&md5=827e3652e4bfb5b9dd341806998e7e6b,197,Working with gardeners to identify potential invasive ornamental garden plants: testing a citizen science approach,TRUE,"Dehnen-Schmutz, K; Conroy, J",Biological Invasions,10.1007/s10530-018-1759-3,2018,,ornamental plants; plant invasion; citizen science; garden; horticulture; non-native plants; Great Britain,Coventry University,Coventry University,F,BSBI,UK ,Great Britain,not stated,not stated,,F,T,F,T,,F,F,T,F,F,T,F,F,F,F,T,,plants,F,,F,F,T,,T,F,F,,T,F,F,F,F,F,F,F,F,F,F,F,T,10 km,,year; species,,T,T,F,F,,F,Kruskal-Wallis,,F,T,F,F,F,NA,,F,,T,The survey data is not coded here as it is citizen science but not biological records.  The coding here refers only to the use of BSBI biological records for analysing national distribution and trends.,,T,
https://www.sciencedirect.com/science/article/pii/S1617138117304028,212,Monitoring landscape-scale environmental changes with citizen scientists: twenty years of land use change in Great Britain,TRUE,"Martay, B; Pearce-Higgins, JW; Harris, SJ; Gillings, S",Journal for Nature Conservation,10.1016/j.jmc.2018.03.001,2018,,land use; land cover; monitoring; citizen science,British Trust for Ornithology,British Trust for Ornithology,T,BTO,UK,Great Britain,1994,2013,,F,F,F,F,,F,F,T,F,F,T,F,F,F,F,F,,NA,NA,,T,T,T,,F,F,T,,F,F,F,T,T,T,F,F,F,F,F,F,T,1 km,,NA,,NA,NA,NA,NA,,F,NA,,F,F,F,T,F,NA,,F,,T,Unusual use of data associated with bio recs data.  The habitat types collected during each visit when bio recs data were collected were analyzed to look for changes in land use over time.  So analysis is not of bio recs data but rather of data attached to the bio recs data. ,,F,
http://kildare.ie/CountyCouncil/PublicConsultations-Part8Schemes/Housing/P8201803NancysLaneBallinagappaRoadClane/9.%20Ecological%20Impact%20Assessment.pdf,229,Ecological Impact Assessment Proposed residential development at Nancy’s Lane,TRUE,NM Ecology,NM Ecology,NA,2018,,NA,NM Ecology,NM Ecology,F,NBDC,Ireland,500 square meters,not stated,2018,,F,F,F,F,,F,F,F,F,F,F,F,F,F,T,F,,many,T,,T,F,F,,T,F,F,,T,F,F,F,F,F,T,F,F,F,F,F,T,10 km,,NA,,F,F,F,T,,F,NA,,F,F,F,F,F,NA,,F,,T,,,F,
https://search.proquest.com/docview/2032682998?accountid=14507,234,Predicting population trends using citizen science data: do subsampling methods produce reliable estimates for mammals?,TRUE,"Callcutt, K; Croft, S; Smith, GC",European Journal of Wildlife Research,10.1007/s10344-018-1189-7,2018,,population; trend; citizen science; mammal; survey bias; subsample,University of Newcastle,University of Newcastle; National Wildlife Management Centre,F,GBIF; NBN,UK,England,1960,2015,,T,T,F,T,,F,F,T,F,F,T,F,F,T,F,F,,mammals,F,,T,T,T,,T,F,F,,T,F,F,F,F,F,F,F,F,F,F,F,T,10 km,,time,,F,T,F,F,,F,subsampling,,F,F,T,T,F,NA,,F,,T,,,T,
https://onlinelibrary.wiley.com/doi/abs/10.1111/ddi.12741,247,"Predicting distributions, habitat preferences and associated conservation implications for a genus of rare fishes, seahorses (Hippocampus spp.)",TRUE,"Zhang, X; Vincent, ACJ",Diversity and Distributions,10.1111/ddi.12741,2018,,citizen science; data quality; Maxent; museum collections; rare species; seahorse; species distribution model,University of British Columbia,University of British Columbia,T,many; NBDC; GBIF,global,global,1828,2016,,T,T,T,F,,T,F,T,F,F,F,F,F,F,F,F,,seahorses,F,,T,F,T,,T,F,F,,F,F,F,F,F,F,T,F,T,F,F,F,F,NA,,depth; ph; salinity; SST; chlorophyll a; habitat,,T,T,T,F,,F,maxent,,F,T,F,F,F,AUC; sensitivity; similarity statistic; presence agreement; habitat variable importance,,F,,T,See figshare data for H. hippocampus which seems to list NBDC as one data source.,,T,
https://www.scopus.com/inward/record.uri?eid=2-s2.0-85045742312&partnerID=40&md5=67af25067cd77b7515df08e199fe5344,249,Inferring status changes of three widespread British reptiles from NBN Atlas records,TRUE,"Beebee, TJC; Ratcliffe, S",Herpetological Bulletin,NA,2018,,NA,Amphibian and Reptile Conservation Trust,National Biodiversity Network Trust,T,NBN,UK,Great Britain,1970,2017,,F,T,F,T,,F,F,F,F,F,T,F,F,F,F,F,,reptiles,F,,F,F,F,,T,F,F,,T,F,F,F,F,F,F,F,F,F,F,F,T,1 km,,year; arable land; region,,T,T,F,F,,F,linear regression; comparison of regression lines,,F,T,F,F,F,NA,,F,,T,,,T,
https://search.proquest.com/docview/2045779882?accountid=14507,261,Unlocking biodiversity data: Prioritization and filling the gaps in biodiversity observation data in Europe,TRUE,"Wetzel, FT; Hauser, CL; Martin, CS; Schmeller, DS; Saarenmaa, H; Bingham, HC; Tonkin, JD; Penev, L; Kuhlmann, M; Haase, P; Groom, Q; Stoll, S; Robertson, T; Koljalg, U",Biological Conservation,10.1016/j.biocon.2017.12.024 ,2018,,biodiversity data gaps; biodiversity observation networks; conservation policy; data mobilization; European Biodiversity Observation Network – EU BON; Europe,Museum fur Naturkunde; Liebniz Institute for Evolution and Biodiversity Science; Bavarian Academy for Nature Conservation and Landscape,Museum fur Naturkunde; Liebniz Institute for Evolution and Biodiversity Science,T,GBIF; others,many,Europe,not stated,not stated,,F,F,F,F,,F,F,F,F,F,F,F,F,F,T,F,,bees,T,,T,F,F,,T,F,F,,T,F,F,F,F,F,T,F,F,F,F,F,F,NA,,country,,F,F,F,T,,F,NA,,F,F,F,F,F,NA,,F,,T,analysing bio recs to identify areas of data scarcity.  So question is about data completeness not anything about species but I think still enough of an analysis of bio recs to answer a question relevant to species (whether we have info to study them)  that I think it qualifies for this review.,,F,
https://www.scopus.com/inward/record.uri?eid=2-s2.0-85040781887&doi=10.1002%2fecm.1284&partnerID=40&md5=347888ff53790f1a39928c02cae17ccf,274,Upscaling biodiversity: estimating the species–area relationship from small samples,TRUE,"Kunin, WE; Harte, J; He, F; Hui, C; Jobe, RT; Ostling, A; Polce, C; Šizling, A; Smith, AB; Smith, K; Smart, SM; Storch, D; Tjørve, E; Ugland, K-I; Ulrich, W; Varma, V",Ecological Monographs,10.1002/ecm.1284,2018,,biodiversity estimation; methods comparison; monitoring; spatial scale; species richness; species-area relationship; upscaling,University of Leeds; Wallenberg Research Centre at Stellenbosh University,University of Leeds; University of Exeter,T,GB Countryside Survey; New Atlas of the British and Irish Flora,UK,278500 square km,1998,1999,,T,F,T,F,,T,T,F,F,F,F,T,F,F,F,F,,plants,T,,T,F,F,,T,F,F,,F,F,F,T,T,F,F,F,F,F,F,F,T,1 km,,NA,,F,T,T,F,,F,Harte Maxent;Ugland TS loglinear; Ugland ten-at-a-time; Ugland PAM; Shen and He; Sizling; Hui models; Ulrich and Ollik; Smith; Polce and Kunin; Lomolino model; power law model; logarithmic model; ,,F,F,F,T,F,mean relative error; Spearman’s rank correlation,,F,,T,,,T,
https://onlinelibrary.wiley.com/doi/abs/10.1111/een.12485,297,Nature protection areas of Europe are insufficient to preserve the threatened beetle Rosalia alpina (Coleoptera: Cerambycidae): evidence from species distribution models and conservation gap analysis,TRUE,"Bosso, L; Smeraldo, S; Rapuzzi, P; Sama, G; Garonna, AP; Russo D",Ecological Entomology,NA,2018,,Biomod2; ecological niche models; habitat directive; insect conservation; IUCN; saproxylic beetles,Universita degli Studi di Napoli Federico II,Universita degli Studi di Napoli Federico II; University of Bristol,F,GBIF; Fauna Europea; others,many,5029085 square km,not stated,not stated,,F,T,F,F,,F,F,T,F,F,F,F,F,F,T,F,,beetles,F,,T,T,F,,T,F,F,,T,F,F,F,F,F,T,F,F,F,F,F,F,NA,,elevation; annual mean diurnal range; isothermality; temperature seasonality; annual temperature range; mean temperature of driest quarter; precipitation of coldest quarter; land cover,,F,T,T,F,,F,biomod2; SDM,,F,F,T,F,T,AUC; TSS,,F,,T,,,T,
https://www.scopus.com/inward/record.uri?eid=2-s2.0-85035785719&doi=10.1016%2fj.funeco.2017.11.009&partnerID=40&md5=064a94ad891cc2fd55c662b7a7903863,298,Congruency in fungal phenology patterns across dataset sources and scales,TRUE,"Andrew, C; Heegaard, E; Gange, AC.; Senn-Irlet, B; Egli, S; Kirk, PM.; Buntgen, U; Kauserud, H; Boddy, L",FUNGAL ECOLOGY,10.1016/j.funeco.2017.11.009,2018,,climate; fungi; multisource data; phenology; seasonality; spatial scale,Swiss Federal Research Institute WSL; University of Cambridge; University of Oslo,Cardiff School of Biosciences,T,Fungal Records Database of Britain and Ireland; others,Switzerland; UK,209331 square km,1950,2008,,F,T,F,T,,F,F,F,F,T,T,F,F,F,F,F,,fungi,F,,T,T,T,,T,F,F,,F,F,F,F,F,F,F,T,T,F,F,F,F,NA,,time; nutritional mode,,F,T,F,F,,F,Pearson correlation; generalized least squares regression GLS; linear mixed effect model,,F,T,F,F,F,NA,,T,,T,,,T,T
NA,308,N81 Tullow Footbridges Scheme & Associated Road Reconfiguration Works Appropriate Assessment Screening Report,TRUE,Atkins Ireland,NA,NA,2018,,NA,Atkins Ireland,Atkins Ireland,F,NBDC,Ireland,15 square km,not stated,2018,,F,F,F,F,,F,F,F,F,F,F,F,F,F,T,F,,many,T,,F,F,F,,F,F,T,,T,F,F,F,F,F,T,F,F,F,F,F,F,NA,,NA,,F,F,F,T,,F,NA,,F,F,F,F,F,NA,,F,,T,,,F,
https://academic.oup.com/biolinnean/article-abstract/120/4/852/2801249,321,The arrow points north–endemic areas and post-Devensian assembly of the British Empidoidea fauna (Insecta: Diptera),TRUE,"Plant, AR; Jonassen, T; Grootaert, P; Meyer, H; Pollet, M; Drake, M",Biological Journal of the Linnean Society,10.1093/biolinnean/blw011,2017,,community structure; dispersal; diversity; Empidoidea; parsimony analysis of endemism; refugia,National Museum of Wales,Orchid House,F,UK Empid and Dolichopodid Recording Scheme,UK; Belgium; Germany; Norway,Great Britain,1850,2015,,F,F,T,F,,T,T,F,F,F,F,T,F,F,F,F,,flies,T,,T,T,T,,T,F,F,,T,F,F,F,F,F,T,F,F,F,F,F,T,variable,,location,,F,T,F,F,,F,reciprocal weighted endemism; coefficient of dispersal direction; Whittaker’s beta diversity,,F,F,T,F,F,NA,,F,,T,,,T,
https://link.springer.com/article/10.1007/s11829-017-9502-z,325,Differences in meristems between monocots and dicots and susceptibility to attack by gall-inducing insects,TRUE,"Silvia, MS; Connor, EF",Arthropod-Plant Interactions,10.1007/s11829-017-9502-z,2017,,insect-induced galls; dicots; monocots; meristems,San Francisco State University,San Francisco State University,F,NBN,UK,UK,not stated,not stated,,F,F,T,F,,T,F,F,F,F,F,T,F,F,F,F,,plants; insects,T,,T,F,T,,F,T,F,,T,F,F,F,F,F,T,F,F,F,F,F,T,10 km ,,plant type; geographic range,,T,T,F,F,,F,Generalized Estimating Equations; phylogenetically corrected generalized least squares,,F,T,F,F,F,NA,,F,,T,innovative / horizon scanning,,T,
https://search.proquest.com/docview/1880472264?accountid=14507,341,Efficient occupancy model-fitting for extensive citizen-science data.,TRUE,"Dennis, EB; Morgan, BJT; Freeman, SN; Ridout, MS; Brereton, TM; Fox, R; Powney, GD; Roy, DB",Plos One,10.1371/journal.pone.0174433,2017,,Moths; butterflies; simulation; grasslands; spatial autocorrelation; biodiversity; seasonal variations; Bayesian method; theoretical ecology,University of Kent; Butterfly Conservation,Centre for Ecology & Hydrology,T,UK Butterflies for the New Millennium,UK; Ireland,UK and IE,1970,2015,,T,T,F,F,,F,F,T,F,F,T,F,F,F,T,F,,butterflies,F,,T,T,F,,T,F,F,,T,F,F,F,F,F,F,F,F,F,F,F,T,1 km,,northing; easting; minimum annual temperature; monthly rainfall; land cover classes,,T,T,T,F,,T,occupancy model using maximum likelihood; occupancy model using Bayesian analysis,,T,T,F,F,F,none,,F,,T,,,T,
http://onlinelibrary.wiley.com/doi/10.1111/ecog.02228/full,363,Large reorganizations in butterfly communities during an extreme weather event,TRUE,"De Palma, A; Dennis, RLH; Brereton, T; Leather, SR; Oliver, TH",Ecography,10.1111/ecog.02228,2017,,NA,Imperial College London; Natural History Museum London,University of Reading,T,UK Butterfly Monitoring Scheme,UK,Great Britain,1992,2000,,T,F,T,F,,T,T,F,T,F,T,T,F,F,F,F,,butterflies,T,,T,F,T,,T,F,F,,F,T,T,T,T,F,F,F,F,F,F,F,F,NA,,land cover heterogeneity; topographic heterogeneity; soil moisture deficit; summer precipitation; annual actual-to-potential evapotranspiration,,T,T,F,F,,F,Grime’s CSR; linear mixed effects models,,F,T,F,F,F,NA,,F,,T,,,,
https://search.proquest.com/docview/1936475784?accountid=14507,368,Potential for coupling the monitoring of bush-crickets with established large-scale acoustic monitoring of bats,TRUE,"Newson, SE; Bas, Y; Murray, A; Gillings, S",NA,10.1111/2014-210X.12720,2017,,automated acoustic monitoring; bush-crickets; citizen science; Orthoptera; species identification; survey methods,British Trust for Ornithology,British Trust for Ornithology,T,BTO,UK,5371 square km,2013,2015,,T,T,F,F,,F,F,T,F,T,F,F,F,F,F,F,,crickets,F,,T,F,F,,T,F,F,,F,T,F,T,T,F,F,F,F,F,T,F,F,NA,,time of day,,F,T,T,F,,F,random forest; glm,,F,T,F,T,F,false positive rate; false negative rate,,T,,T,eligibility borderline.  Opportunistic locationsbased on Norfolk bat survey methods paper (2015).  I do not think this data is too structured for my questions / this review.  Automated recording data is likely to be an important source of bio recs in future and so from a horizon scanning perspective this should stay in. ,,T,
https://www.scopus.com/inward/record.uri?eid=2-s2.0-85021102195&doi=10.1111%2fmam.12091&partnerID=40&md5=9f6a566e2e9346aaa6bbf50f34fff044,380,Voluntary recording scheme reveals ongoing decline in the United Kingdom hazel dormouse Muscardinus avellanarius population,TRUE,"Goodwin, CED; Hodgson, DJ; Al-Fulaij, N; Bailey, S; Langton, S; Mcdonald, RA",MAMMAL REVIEW,10.1111/mam.12091,2017,,citizen science; endangered species; IUCN Red List; long-term monitoring; population trends,University of Exeter,University of Exeter,T,UK National Dormouse Monitoring Programme,UK,England and Wales,1993,2014,,F,T,F,F,,F,F,F,T,F,T,F,F,F,T,F,,mammals; hazel dormouse,T,,T,T,T,,T,F,F,,F,T,T,T,T,F,F,T,F,F,F,F,F,NA,,year; month,,T,T,F,F,,F,GAM,,F,T,F,F,F,NA,,F,,T,,,T,
https://search.proquest.com/docview/1985650894?accountid=14507,384,The role of historical environmental information in perceptions and management of an urban river,TRUE,"Wright, VN",PhD thesis,NA,2016,,NA,University of Sheffield,University of Sheffield,F,many,UK,River Don,1300,2010,,F,T,T,F,,T,F,T,F,F,T,T,F,F,F,F,,fish,F,,T,F,T,,T,F,F,,F,F,F,F,F,F,T,F,T,F,F,F,F,NA,,functional traits; time,,T,T,F,F,,F,functional trait groups; ANOVA,,F,T,F,F,F,NA,,F,,T,If this is coded by analysis rather than by study then there will be some descriptive only and some inference.,,T,
https://search.proquest.com/docview/1867541211?accountid=14507,385,Estimating the ability of plants to plastically track temperature-mediated shifts in the spring phenological optimum,TRUE,"Tansey, CJ; Hadfield, JD; Phillimore, AB",Global Change Biology,10.1111/gcb.13624,2017,,chilling; citizen science; forcing; local adaptation; phenology; photoperiod; plasticity; space for time,University of Edinburgh; The Woodland Trust,University of Edinburgh,T,UK Phenology Network,UK,UK,1998,2014,,T,T,F,T,,F,F,F,F,T,F,T,F,F,F,F,,plants,F,,T,T,T,,T,F,F,,F,F,F,F,T,T,F,T,F,F,F,F,T,5 km,,air temperature; day length,,T,T,T,F,,F,linear mixed models,,F,T,F,F,F,AIC,,F,,T,,,T,
https://link.springer.com/article/10.1007/s10531-017-1320-1,390,Factors driving population recovery of the greater horseshoe bat (Rhinolophus ferrumequinum) in the UK: implications for conservation,TRUE,"Froidevaux, JSP; Boughey, KL; Barlow, KE; Jones, G",Biodiversity Conservation,10.1007/s10531-017-1320-1,2017,,Agri-environment schemes; climate change; density-dependence; landscape characteristics; light pollution; population trend,University of Bristol,University of Bristol,T,UK National Bat Monitoring Programme,UK,Southwest England and Wales.  Map shown but no measure given.,1997,2014,,F,T,F,F,,F,F,F,T,F,T,T,F,F,T,F,,bats,F,,F,F,F,,T,F,F,,F,T,T,T,T,F,F,F,F,F,F,F,F,NA,,minimum temperature; precipitation;North Atlantic Oscillation; landscape fragmentation; landscape heterogeneity; landscape diversity; linear features; night light; Agro-environment scheme land; ,,T,T,F,F,,F,Poisson regression; GLM,,F,T,F,F,F,NA,,F,,T,,,T,
https://www.scopus.com/inward/record.uri?eid=2-s2.0-84991020810&doi=10.1007%2fs11252-016-0604-7&partnerID=40&md5=18c100e652c3ab552c41029a78ff8f90,394,An assessment of bumblebee (Bombus spp) land use and floral preference in UK gardens and allotments cultivated for food,TRUE,"Foster, G; Bennett, J; Sparks, T",URBAN ECOSYSTEMS,10.1007/s11252-016-0604-7,2017,,garden; allotment; Bombus; bumblebee; land use; floral resources,Coventry University,Coventry University,T,authors,UK,Great Britain,2013,2013,,F,T,T,T,,T,F,F,T,F,F,F,F,F,F,F,,bumblebees,F,,F,F,T,,T,F,F,,F,T,T,T,T,T,F,F,F,F,F,F,F,NA,,land use; week of year; latitude; plant species,,T,T,F,F,,F,weighted regression; correlation analysis; redundancy analysis ordination,,F,T,F,F,F,NA,,F,,T,,,T,
https://search.proquest.com/docview/1899817685?accountid=14507,407,Evaluating promotional approaches for citizen science biological recording: bumblebees as a group versus Harmonia axyridis as a flagship for ladybirds,TRUE,"Comont, RF; Ashbrook, K",BioControl,10.1007/s10526-016-9771-y,2017,,biological recording; citizen science; verification; Bombus hypnorum; bumblebee; ladybird,Bumblebee Conservation Trust,University of Worcester,T,BeeWatch; Bumblebee Conservation Trust; UK Ladybird Survey,UK,UK,2000,2015,,F,F,F,F,,F,F,F,F,F,T,F,F,F,F,T,,bumblebees; ladybirds,F,,F,F,T,,T,F,F,,F,F,F,F,F,F,T,F,T,T,F,F,F,NA,,species; year; promotion approach,,T,T,F,F,,F,Spearmen correlation; GLM,,F,T,F,F,F,NA,,T,,T,,,F,
http://nora.nerc.ac.uk/id/eprint/516996/1/N516996CR.pdf,441,"Modelling and mapping UK emissions of ammonia, methane and nitrous oxide from agriculture, nature, waste disposal and other miscellaneous sources for 2015",TRUE,"Tomlinson, SJ; Carnell, EJ; Tang, YS; Sutton, MA; Dragosits, U",NA,NA,2017,,NA,Centre for Ecology & Hydrology,Centre for Ecology & Hydrology,T,Biological Records Centre,UK,UK,2014,2015,,F,F,F,F,,F,F,F,F,F,F,F,F,F,T,F,,mammals; birds,T,,F,F,F,,F,T,F,,T,F,F,F,F,F,T,F,F,F,F,F,T,10 km; 1 km,,NA,,F,T,F,F,,T,NA,,F,F,F,F,F,NA,,F,,T,good demonstration piece; horizon scanning,,T,
https://www.npws.ie/sites/default/files/publications/pdf/IWM96.pdf,443,"An invertebrate survey of Scragh Bog, Co Westmeath",TRUE,"Anderson, R; Mantell, A; Nelson, B",Irish Wildlife Manuals Series,NA,2017,,Scragh Bog; Westmeath; Ireland; raised bog; alkaline fen; transition mire; bog woodland; survey; invertebrate; mollusc; insect; spider; isopod; millipede; conservation; management,National Parks and Wildlife Service,National Parks and Wildlife Service Ireland,F,many; MothsIreland; others,Ireland,23 hectares,1893,2015,,F,T,T,T,,T,F,F,F,F,T,F,F,F,F,F,,invertebrates,T,,F,F,T,,T,F,F,,T,F,F,F,F,F,T,F,F,F,F,F,F,NA,,NA,,F,F,F,T,,F,descriptive comparison of historical records to a contemporary survey,,NA,NA,NA,NA,NA,NA,,F,,T,,,F,
https://www.scopus.com/inward/record.uri?eid=2-s2.0-85002244078&doi=10.1111%2fddi.12498&partnerID=40&md5=5170c99104159af4e51448309371556b,453,Using geographic profiling to compare the value of sightings vs trap data in a biological invasion,TRUE,"Faulkner, SC; Verity, R; Roberts, D; Roy, SS; Robertson, PA; Stevenson, MD; Le Comber, SC",Diversity and Distributions,10.1111/ddi.12498,2017,,,,,,,,,,,,,,,,,,,,,,,,,,,,,,,,,,,,,,,,,,,,,,,,,,,,,,,,,,,,,,,,,,,,,,,,,,,,,,
https://www.scopus.com/inward/record.uri?eid=2-s2.0-85013339560&doi=10.1016%2fj.landurbplan.2017.02.005&partnerID=40&md5=d6183642232450127427d1d51cbb7d50,476,"Predicting the likely impact of urbanisation on bat populations using citizen science data, a case study for Norfolk, UK",TRUE,"Border, JA; Newson, SE; White, DCJ; Gillings, S",LANDSCAPE AND URBAN PLANNING,10.1016/j.landurbplan.2017.02.005,2017,,THIS IS ALREADY CODED IN OLD FILE.  USE THAT,,,,,,,,,,,,,,,,,,,,,,,,,,,,,,,,,,,,,,,,,,,,,,,,,,,,,,,,,,,,,,,,,,,,,,,,,,,,
http://www.irishgeography.ie/index.php/irishgeography/article/view/1257,481,Light pollution: spatial analysis and potential ecological effects in rural Ireland,TRUE,"Power, M; Gonzalez Del Campo, A; Espey, B",Irish Geography,10.2014/igj.v49i2.1257,2017,,,,,,,,,,,,,,,,,,,,,,,,,,,,,,,,,,,,,,,,,,,,,,,,,,,,,,,,,,,,,,,,,,,,,,,,,,,,,,
https://ore.exeter.ac.uk/repository/handle/10871/32119,503,Impacts of artificial nighttime light on moths and their food plants,TRUE,NA,NA,NA,2017,,,,,,,,,,,,,,,,,,,,,,,,,,,,,,,,,,,,,,,,,,,,,,,,,,,,,,,,,,,,,,,,,,,,,,,,,,,Chap 4 eligible but might be a paper already published.  Does that paper appear in my review?,,,
https://www.nature.com/articles/srep41591,510,Setting temporal baselines for biodiversity: the limits of available monitoring data for capturing the full impact of anthropogenic pressures,TRUE,NA,NA,NA,2017,,,,,,,,,,,,,,,,,,,,,,,,,,,,,,,,,,,,,,,,,,,,,,,,,,,,,,,,,,,,,,,,,,,,,,,,,,,borderline eligible.  Can’t actually find a list of datasets included so I don’t know if it uses UK/IE data but I assume so.,,,T
https://search.proquest.com/docview/2000334787?accountid=14507,519,Big data integration: Pan-European fungal species observations' assembly for addressing contemporary questions in ecology and global change biology,TRUE,"Andrew, C; Heegaard, E; Kirk, PM; Claus BÃ¤ssler; Heilmann-Clausen, J; Krisai-Greilhuber, I; Kuyper, TW; Senn-Irlet, B; Büntgen, U; Diez, J; Egli, S; Gange, AC; Halvorsen, R; Høiland, K; Nordén, J; Rustøen, F; Boddy, L; HÃ¥vard Kauserud",NA,NA,2017,,,,,,,,,,,,,,,,,,,,,,,,,,,,,,,,,,,,,,,,,,,,,,,,,,,,,,,,,,,,,,,,,,,,,,,,,,,,,,
http://nora.nerc.ac.uk/id/eprint/518194/,527,Glastir Monitoring & Evaluation Programme. Final report,TRUE,NA,NA,NA,2017,,,,,,,,,,,,,,,,,,,,,,,,,,,,,,,,,,,,,,,,,,,,,,,,,,,,,,,,,,,,,,,,,,,,,,,,,,,,,,
https://academic.oup.com/jue/article/doi/10.1093/jue/jux007/4097929/Urban-grasslands-support-threatened-water-voles,543,Urban grasslands support threatened water voles,TRUE,NA,NA,NA,2017,,,,,,,,,,,,,,,,,,,,,,,,,,,,,,,,,,,,,,,,,,,,,,,,,,,,,,,,,,,,,,,,,,,,,,,,,,,,,,
http://onlinelibrary.wiley.com/doi/10.1002/ecy.1629/full,547,"Multi‐state, multi‐stage modeling of nest‐success suggests interaction between weather and land‐use",TRUE,NA,NA,NA,2017,,,,,,,,,,,,,,,,,,,,,,,,,,,,,,,,,,,,,,,,,,,,,,,,,,,,,,,,,,,,,,,,,,,,,,,,,,,,,,
http://www.npms.org.uk/sites/www.npms.org.uk/files/PDF/NPMS%20Air%20Pollution%20Data%20Review_WP1_FINAL.pdf,562,NPMS Air Pollution Data Review WP1 Report,TRUE,NA,NA,NA,2017,,,,,,,,,,,,,,,,,,,,,,,,,,,,,,,,,,,,,,,,,,,,,,,,,,,,,,,,,,,,,,,,,,,,,,,,,,,Some diagnostic sampling completeness plots that might be useful for my thesis.,,,T
https://search.proquest.com/docview/1947626415?accountid=14507,563,Using citizen science to monitor bumblebee populations,TRUE (but check to see if chapters are already included as published papers),"Casey, LM",NA,NA,2017,,,,,,,,,,,,,,,,,,,,,,,,,,,,,,,,,,,,,,,,,,,,,,,,,,,,,,,,,,,,,,,,,,,,,,,,,,,Check to see if chapters of this thesis are already included in review as published papers.,,,
http://search.proquest.com/openview/66e6a3d8bd6df22a71e6c8b3a1e60405/1?pq-origsite=gscholar&cbl=18750&diss=y,569,Conserving Avian Biodiversity on Managed Forest Landscapes: The Importance of Pattern and Scale,FALSE,NA,NA,NA,2017,,DO NOT CODE THIS!  NOT ELIGIBLE!,,,,,,,,,,,,,,,,,,,,,,,,,,,,,,,,,,,,,,,,,,,,,,,,,,,,,,,,,,,,,,,,,,,,,,,,,Might be useful. Has code for spatially autocorrelated simulations.  Also code for an occupancy model that adds something maybe useful.  ,,,T
https://www.scopus.com/inward/record.uri?eid=2-s2.0-85020892814&doi=10.1371%2fjournal.pone.0179277&partnerID=40&md5=7bfb87f13a3e7d43cbe5b012f29156f4,599,Birds of a feather flock together: Insights into starling murmuration behaviour revealed using citizen science,TRUE,"Goodenough, AE; Little, N; Carpenter, WS; Hart, AG",PLOS ONE,10.1371/journal.pone.0179277,2017,,,,,,,,,,,,,,,,,,,,,,,,,,,,,,,,,,,,,,,,,,,,,,,,,,,,,,,,,,,,,,,,,,,,,,,,,,,,,,
http://www.ukbms.org/docs/reports/2016/Butterfly%20Ann%20Report%202016.pdf,608,United Kingdom Butterfly Monitoring Scheme report for 2016,TRUE,NA,NA,NA,2017,,,,,,,,,,,,,,,,,,,,,,,,,,,,,,,,,,,,,,,,,,,,,,,,,,,,,,,,,,,,,,,,,,,,,,,,,,,,,,
https://tfw.gov.wales/sites/default/files/documents/Taffs%20Well%20Depot%20Pre-App%20Consultation%20-%20Preliminary%20Ecological%20Appraisal.pdf,636,DRAFT FOR PRE-APPLICATION CONSULTATION,TRUE,NA,NA,NA,2017,,,,,,,,,,,,,,,,,,,,,,,,,,,,,,,,,,,,,,,,,,,,,,,,,,,,,,,,,,,,,,,,,,,,,,,,,,,,,,
http://journals.plos.org/plosone/article?id=10.1371/journal.pone.0176339,648,A systematic approach to estimate the distribution and total abundance of British mammals,TRUE,NA,NA,NA,2017,,,,,,,,,,,,,,,,,,,,,,,,,,,,,,,,,,,,,,,,,,,,,,,,,,,,,,,,,,,,,,,,,,,,,,,,,,,,,,
https://www.scopus.com/inward/record.uri?eid=2-s2.0-85034100512&doi=10.1016%2fj.biocon.2017.09.004&partnerID=40&md5=eb920b238f0cb8a098b4ef76ea992d84,664,Large-scale citizen science improves assessment of risk posed by wind farms to bats in southern Scotland,TRUE (already coded),"Newson, SE; Evans, HE; Gillings, S; Jarrett, D; Raynor, R; Wilson, MW",BIOLOGICAL CONSERVATION,10.1016/j.biocon.2017.09.004,2017,,,,,,,,,,,,,,,,,,,,,,,,,,,,,,,,,,,,,,,,,,,,,,,,,,,,,,,,,,,,,,,,,,,,,,,,,,,,,,
https://peerj.com/articles/3296/,685,From effective biocontrol agent to successful invader: the harlequin ladybird (Harmonia axyridis) as an example of good ideas that could go wrong,TRUE,NA,NA,NA,2017,,,,,,,,,,,,,,,,,,,,,,,,,,,,,,,,,,,,,,,,,,,,,,,,,,,,,,,,,,,,,,,,,,,,,,,,,,,,,,
http://rsos.royalsocietypublishing.org/content/4/10/170617.abstract,696,Why did the pheasant cross the road? Long-term road mortality patterns in relation to management changes,TRUE,NA,NA,NA,2017,,,,,,,,,,,,,,,,,,,,,,,,,,,,,,,,,,,,,,,,,,,,,,,,,,,,,,,,,,,,,,,,,,,,,,,,,,,borderline eligible.  Records are of road kill only but I think they still fall under a broad definition of biological records since they are records of a species in a location (at a particular life stage in this case).,,,
http://onlinelibrary.wiley.com/doi/10.1111/1365-2664.12784/full,703,Developing a biodiversity‐based indicator for large‐scale environmental assessment: a case study of proposed shale gas extraction sites in Britain,TRUE,NA,NA,NA,2017,,,,,,,,,,,,,,,,,,,,,,,,,,,,,,,,,,,,,,,,,,,,,,,,,,,,,,,,,,,,,,,,,,,,,,,,,,,,,,
https://search.proquest.com/docview/2000414936?accountid=14507,718,A national-scale assessment of climate change impacts on species: Assessing the balance of risks and opportunities for multiple taxa,TRUE,"Pearce-Higgins, JW; Beale, CM; Oliver, TH; August, TA; Carroll, M; Massimino, D; Ockendon, N; Savage, J; Wheatley, CJ; Ausden, MA; Bradbury, RB; Duffield, SJ; Macgregor, NA; McClean, CJ; Morecroft, MD; Thomas, CD; Watts, O; BjÃ¶rn C. Beckmann; Fox, R; Roy, HE; Sutton, PG; Walker, KJ; Humphrey Q.P. Crick",NA,NA,2017,,,,,,,,,,,,,,,,,,,,,,,,,,,,,,,,,,,,,,,,,,,,,,,,,,,,,,,,,,,,,,,,,,,,,,,,,,,,,,
http://journals.plos.org/plosone/article?id=10.1371/journal.pone.0169156,734,The diversity-weighted living planet index: controlling for taxonomic bias in a global biodiversity indicator,TRUE,NA,NA,NA,2017,,,,,,,,,,,,,,,,,,,,,,,,,,,,,,,,,,,,,,,,,,,,,,,,,,,,,,,,,,,,,,,,,,,,,,,,,,,,,,
https://www.scopus.com/inward/record.uri?eid=2-s2.0-85030184927&doi=10.1007%2fs10584-017-2081-2&partnerID=40&md5=5f1b5abe3e1f6aa14adafb9ed1bdbe6a,754,Projected reductions in climatic suitability for vulnerable British birds,TRUE (already coded),"Massimino, D; Johnston, A; Gillings, S; Jiguet, F; Pearce-Higgins, JW",CLIMATIC CHANGE,10.1007/s10584-017-2081-2,2017,,,,,,,,,,,,,,,,,,,,,,,,,,,,,,,,,,,,,,,,,,,,,,,,,,,,,,,,,,,,,,,,,,,,,,,,,,,,,,
https://www.scopus.com/inward/record.uri?eid=2-s2.0-85033443266&doi=10.1111%2fcobi.12956&partnerID=40&md5=283cabd4e84e1bfb1c11dacdab09b705,755,Using citizen science butterfly counts to predict species population trends,TRUE (already coded),"Dennis, EB; Morgan, BJT; Brereton, TM; Roy, DB; Fox, R",CONSERVATION BIOLOGY,10.1111/cobi.12956,2017,,,,,,,,,,,,,,,,,,,,,,,,,,,,,,,,,,,,,,,,,,,,,,,,,,,,,,,,,,,,,,,,,,,,,,,,,,,,,,
http://news.ssen.co.uk/media/224983/Environmental_supporting_information.pdf,759,Westray-Rousay Marine Licence Application,TRUE,NA,NA,NA,2017,,,,,,,,,,,,,,,,,,,,,,,,,,,,,,,,,,,,,,,,,,,,,,,,,,,,,,,,,,,,,,,,,,,,,,,,,,,,,,
NA,762,Developing a biodiversity-based indicator for large-scale environmental assessment: a case study of proposed shale gas extraction sites in Britain,TRUE (already coded),"Dyer, RJ; Gillings, S; Pywell, RF; Fox, R; Roy, DB; Oliver, TH",JOURNAL OF APPLIED ECOLOGY,10.1111/1365-2664.12784,2017,,,,,,,,,,,,,,,,,,,,,,,,,,,,,,,,,,,,,,,,,,,,,,,,,,,,,,,,,,,,,,,,,,,,,,,,,,,,,,
http://drops.dagstuhl.de/opus/volltexte/2017/7752/,784,Using Flickr for characterizing the environment: an exploratory analysis,TRUE,NA,NA,NA,2017,,,,,,,,,,,,,,,,,,,,,,,,,,,,,,,,,,,,,,,,,,,,,,,,,,,,,,,,,,,,,,,,,,,,,,,,,,,,,,
http://etheses.whiterose.ac.uk/id/eprint/18904,789,Using citizen science data to reveal the role of ecological processes in range changes of grasshoppers and crickets in Britain,TRUE (but there is also an article from this),NA,NA,NA,2017,,,,,,,,,,,,,,,,,,,,,,,,,,,,,,,,,,,,,,,,,,,,,,,,,,,,,,,,,,,,,,,,,,,,,,,,,,,,,,
https://www.researchgate.net/profile/Lee_Knight/publication/316648200_The_invertebrate_community_of_the_Pen_Park_Hole_SSSI_Bristol_UK_Lee_R_F_D_KNIGHT/links/5909c5df0f7e9b1d08188220/The-invertebrate-community-of-the-Pen-Park-Hole-SSSI-Bristol-UK-Lee-R-F-D-KNIGHT.pdf,793,"The invertebrate community of the Pen Park Hole SSSI, Bristol, UK",TRUE,NA,NA,NA,2017,,,,,,,,,,,,,,,,,,,,,,,,,,,,,,,,,,,,,,,,,,,,,,,,,,,,,,,,,,,,,,,,,,,,,,,,,,,,,,
http://www.tandfonline.com/doi/abs/10.1080/00063657.2017.1359233,794,Environmental correlates of breeding abundance and population change of Eurasian Curlew Numenius arquata in Britain,TRUE,NA,NA,NA,2017,,,,,,,,,,,,,,,,,,,,,,,,,,,,,,,,,,,,,,,,,,,,,,,,,,,,,,,,,,,,,,,,,,,,,,,,,,,,,,
http://onlinelibrary.wiley.com/doi/10.1111/jav.01476/full,795,"A temporally explicit species distribution model for a long distance avian migrant, the common cuckoo",TRUE,NA,NA,NA,2017,,,,,,,,,,,,,,,,,,,,,,,,,,,,,,,,,,,,,,,,,,,,,,,,,,,,,,,,,,,,,,,,,,,,,,,,,,,,,,
https://search.proquest.com/docview/1909447432?accountid=14507,796,"Multi-state, multi-stage modeling of nest-success suggests interaction between weather and land-use",TRUE,"Miller, MW; Leech, DI; Pearce-Higgins, JW; Robinson, RA",NA,NA,2017,,,,,,,,,,,,,,,,,,,,,,,,,,,,,,,,,,,,,,,,,,,,,,,,,,,,,,,,,,,,,,,,,,,,,,,,,,,,,,
https://www.researchgate.net/profile/John_Hume/publication/321388082_A_review_of_the_geographic_distribution_status_and_conservation_of_Scotland%27s_lampreys/links/5a20317c458515341c851f13/A-review-of-the-geographic-distribution-status-and-conservation-of-Scotlands-lampreys.pdf,803,"A review of the geographic distribution, status and conservation of Scotland's lampreys",TRUE,NA,NA,NA,2017,,,,,,,,,,,,,,,,,,,,,,,,,,,,,,,,,,,,,,,,,,,,,,,,,,,,,,,,,,,,,,,,,,,,,,,,,,,,,,
https://link.springer.com/article/10.1007/s10980-017-0504-0,807,Metapopulation modelling of long-term urban habitat-loss scenarios,TRUE,NA,NA,NA,2017,,,,,,,,,,,,,,,,,,,,,,,,,,,,,,,,,,,,,,,,,,,,,,,,,,,,,,,,,,,,,,,,,,,,,,,,,,,,,,
NA,860,"Provision of information – for screening for appropriate assessment – proposed recreational project in Mount Carmel Park, Firhouse Road, Dublin 24",TRUE,"Cawley, S",NA,NA,2017,,,,,,,,,,,,,,,,,,,,,,,,,,,,,,,,,,,,,,,,,,,,,,,,,,,,,,,,,,,,,,,,,,,,,,,,,,,,,,
http://onlinelibrary.wiley.com/doi/10.1111/1365-2745.12824/full,865,Biological Flora of the British Isles: Serratula tinctoria,TRUE,NA,NA,NA,2017,,,,,,,,,,,,,,,,,,,,,,,,,,,,,,,,,,,,,,,,,,,,,,,,,,,,,,,,,,,,,,,,,,,,,,,,,,,,,,
http://onlinelibrary.wiley.com/doi/10.1111/ecog.02658/full,866,The influence of life history traits on the phenological response of British butterflies to climate variability since the late‐19th century,TRUE,NA,NA,NA,2017,,,,,,,,,,,,,,,,,,,,,,,,,,,,,,,,,,,,,,,,,,,,,,,,,,,,,,,,,,,,,,,,,,,,,,,,,,,,,,
https://search.proquest.com/docview/1877046539?accountid=14507,874,Observed and dark diversity of alien plant species in Europe: estimating future invasion risk,TRUE,"Ronk, A; Szava-kovats, R; Zobel, M; Pärtel, M",NA,NA,2017,,,,,,,,,,,,,,,,,,,,,,,,,,,,,,,,,,,,,,,,,,,,,,,,,,,,,,,,,,,,,,,,,,,,,,,,,,,,,,
https://besjournals.onlinelibrary.wiley.com/doi/abs/10.1111/1365-2745.12797,884,Biological Flora of the British Isles: Phragmites australis,TRUE,NA,NA,NA,2017,,,,,,,,,,,,,,,,,,,,,,,,,,,,,,,,,,,,,,,,,,,,,,,,,,,,,,,,,,,,,,,,,,,,,,,,,,,,,,
https://www.sciencedirect.com/science/article/pii/S1470160X17300092,890,Urban indicators for UK butterflies,TRUE,NA,NA,NA,2017,,,,,,,,,,,,,,,,,,,,,,,,,,,,,,,,,,,,,,,,,,,,,,,,,,,,,,,,,,,,,,,,,,,,,,,,,,,,,,
NA,896,"Deep-water form of the devonshire cup coral Caryophyllia smithii var. clavus scacchi, 1835 (Anthozoa, Scleractinia, Caryophyllidae) in Irish waters, and a review of Caryophyllia species reported from the North East Atlantic",TRUE,"Quigley, DTG.; Churraidhin, SN; MacGabhann, D",Bulletin of the Irish Biogeographical Society,NA,2017,,,,,,,,,,,,,,,,,,,,,,,,,,,,,,,,,,,,,,,,,,,,,,,,,,,,,,,,,,,,,,,,,,,,,,,,,,,,,,
https://www.researchgate.net/profile/Ruth_Mitchell2/publication/316103385_Challenges_in_assessing_the_ecological_impacts_of_tree_diseases_and_mitigation_measures_The_case_of_Hymenoscyphus_fraxineus_and_Fraxinus_excelsior/links/59f2e61aaca272cdc7d032e9/Challenges-in-assessing-the-ecological-impacts-of-tree-diseases-and-mitigation-measures-The-case-of-Hymenoscyphus-fraxineus-and-Fraxinus-excelsior.pdf,901,Challenges in assessing the ecological impacts of tree diseases and mitigation measures: the case of Hymenoscyphus fraxineus and Fraxinus excelsior,TRUE,NA,NA,NA,2017,,,,,,,,,,,,,,,,,,,,,,,,,,,,,,,,,,,,,,,,,,,,,,,,,,,,,,,,,,,,,,,,,,,,,,,,,,,,,,
https://www.scopus.com/inward/record.uri?eid=2-s2.0-85034660681&partnerID=40&md5=941f325d2d082ff8fc07133337f901d1,824,"Butterflies (Papilionoidea) on the Isle of Man: Losses, gains and predictions",TRUE,"Hardy, PB; Jeffcoate, GE; Dennis, RLH",Entomologist's Gazette,NA,2017,,TEXT RECIEVED VIA RESEARCHGATE REQUEST,,,,,,,,,,,,,,,,,,,,,,,,,,,,,,,,,,,,,,,,,,,,,,,,,,,,,,,,,,,,,,,,,,,,,,,,,,,,
https://www.scopus.com/inward/record.uri?eid=2-s2.0-85034115436&doi=10.3184%2f175815617X15036738758862&partnerID=40&md5=08741dc84c3eaa31c0836c8ffbf5589d,925,Can bird abundance declines be detected by citizen science programmes? A case study using Common Cuckoo Cuculus canorus,TRUE,"Sparks, TH; Atkinson, S; Lewthwaite, K; Dhap, R; Moran, NJ; Tryjanowski, P",AVIAN BIOLOGY RESEARCH,10.3184/175815617X15036738758862,2017,,(already coded),,,,,,,,,,,,,,,,,,,,,,,,,,,,,,,,,,,,,,,,,,,,,,,,,,,,,,,,,,,,,,,,,,,,,,,,,,,,
https://search.proquest.com/docview/1912521266?accountid=14507,941,Phenological shifts in hoverflies (Diptera: Syrphidae): linking measurement and mechanism,TRUE,"Hassall, C; Owen, J; Gilbert, F",NA,NA,2017,,,,,,,,,,,,,,,,,,,,,,,,,,,,,,,,,,,,,,,,,,,,,,,,,,,,,,,,,,,,,,,,,,,,,,,,,,,,,,
https://search.proquest.com/docview/1957269197?accountid=14507,948,Taxonomic bias in biodiversity data and societal preferences,TRUE,"Troudet, J; Grandcolas, P; Blin, A; Vignes-lebbe, R; Legendre, F",NA,NA,2017,,,,,,,,,,,,,,,,,,,,,,,,,,,,,,,,,,,,,,,,,,,,,,,,,,,,,,,,,,,,,,,,,,,,,,,,,,,,,,
http://onlinelibrary.wiley.com/doi/10.1111/mve.12235/full,972,Distribution of the tick Dermacentor reticulatus in the United Kingdom,TRUE,NA,NA,NA,2017,,,,,,,,,,,,,,,,,,,,,,,,,,,,,,,,,,,,,,,,,,,,,,,,,,,,,,,,,,,,,,,,,,,,,,,,,,,,,,
NA,974,"Rose Coral Pentapora foliacea (Ellis & Solander, 1786) in Irish & UK waters",TRUE,"Quigley, DTG.; MacGabhann, D",Bulletin Porcupine Marine Natural History Society,NA,2017,,BORDERLINE.  EVALUATE CAREFULLY FOR ELIGIBILITY,,,,,,,,,,,,,,,,,,,,,,,,,,,,,,,,,,,,,,,,,,,,,,,,,,,,,,,,,,,,,,,,,,,,,,,,,,,,
https://www.scopus.com/inward/record.uri?eid=2-s2.0-85027060374&doi=10.1163%2f15685381-00003108&partnerID=40&md5=6f872ff4db0f77533424eb3762838668,374,Testing the validity of a commonly-used habitat suitability index at the edge of a species' range: Great crested newt Triturus cristatus in Scotland,TRUE,"O'Brien, D; Hall, J; Miró, A; Wilkinson, J",Amphibia Reptilia,10.1163/15685381-00003108,2017,,,,,,,,,,,,,,,,,,,,,,,,,,,,,,,,,,,,,,,,,,,,,,,,,,,,,,,,,,,,,,,,,,,,,,,,,,,,,,
http://onlinelibrary.wiley.com/doi/10.1111/1365-2656.12594/full,1002,Sensitivity of UK butterflies to local climatic extremes: which life stages are most at risk?,TRUE,NA,NA,NA,2017,,,,,,,,,,,,,,,,,,,,,,,,,,,,,,,,,,,,,,,,,,,,,,,,,,,,,,,,,,,,,,,,,,,,,,,,,,,,,,
NA,1016,N4-N15 Sligo Urban Improvement Scheme,TRUE,"Carroll, P",NA,NA,2017,,DOWNLOADED AS PDF,,,,,,,,,,,,,,,,,,,,,,,,,,,,,,,,,,,,,,,,,,,,,,,,,,,,,,,,,,,,,,,,,,,,,,,,,,,,
https://www.sciencedirect.com/science/article/pii/S0013935117311982,1022,"A spatial framework for targeting urban planning for pollinators and people with local stakeholders: A route to healthy, blossoming communities?",TRUE,NA,NA,NA,2017,,,,,,,,,,,,,,,,,,,,,,,,,,,,,,,,,,,,,,,,,,,,,,,,,,,,,,,,,,,,,,,,,,,,,,,,,,,,,,
http://repositorio.ul.pt/handle/10451/31698,1025,Estimating the spatio-temporal variation of bird phenology using citizen science data,TRUE,Nicolau,NA,NA,2017,,DOWNLOADED AS PDF,,,,,,,,,,,,,,,,,,,,,,,,,,,,,,,,,,,,,,,,,,,,,,,,,,,,,,,,,,,,,,,,,,,,,,,,,,,,
NA,1035,"Volunteer Conservation Action Data Reveals Large-Scale and Long-Term Negative Population Trends of a Widespread Amphibian, the Common Toad (Bufo bufo)",TRUE,"Petrovan, SO; Schmidt, BR",PLOS ONE,10.1371/journal.pone.0161943,2016,, (already coded? ),,,,,,,,,,,,,,,,,,,,,,,,,,,,,,,,,,,,,,,,,,,,,,,,,,,,,,,,,,,,,,,,,,,,,,,,,,,,
http://onlinelibrary.wiley.com/doi/10.1111/2041-210X.12562/full,1038,Just Google it: assessing the use of Google Images to describe geographical variation in visible traits of organisms,TRUE,NA,NA,NA,2016,,,,,,,,,,,,,,,,,,,,,,,,,,,,,,,,,,,,,,,,,,,,,,,,,,,,,,,,,,,,,,,,,,,,,,,,,,,,,,
https://www.scopus.com/inward/record.uri?eid=2-s2.0-84987602289&doi=10.1038%2fsrep33051&partnerID=40&md5=fa9c7b785825db11f42bc9955f19fb25,1048,Patterns of contribution to citizen science biodiversity projects increase understanding of volunteers' recording behaviour,TRUE,"Boakes, EH; Gliozzo, G; Seymour, V; Harvey, M; Smith, C; Roy, DB; Haklay, M",Scientific Reports,10.1038/srep33051,2016,,,,,,,,,,,,,,,,,,,,,,,,,,,,,,,,,,,,,,,,,,,,,,,,,,,,,,,,,,,,,,,,,,,,,,,,,,,,,,
NA,1052,A Generalized Abundance Index for Seasonal Invertebrates,TRUE,"Dennis, EB; Morgan, BJT; Freeman, SN; Brereton, TM; Roy, DB",BIOMETRICS,10.1111/biom.12506,,,,,,,,,,,,,,,,,,,,,,,,,,,,,,,,,,,,,,,,,,,,,,,,,,,,,,,,,,,,,,,,,,,,,,,,,,,,,,,
https://www.scopus.com/inward/record.uri?eid=2-s2.0-84961391381&doi=10.1080%2f13658816.2016.1158823&partnerID=40&md5=9daff67993feff9b7bd8b4acd19459ea,1053,Incorporating movement in species distribution models: how do simulations of dispersal affect the accuracy and uncertainty of projections?,TRUE,"Holloway, P; Miller, JA; Gillings, S",INTERNATIONAL JOURNAL OF GEOGRAPHICAL INFORMATION SCIENCE,10.1080/13658816.2016.1158823,,,,,,,,,,,,,,,,,,,,,,,,,,,,,,,,,,,,,,,,,,,,,,,,,,,,,,,,,,,,,,,,,,,,,,,,,,,,,,,
